image_id,file_name,split,damage_count,total_damage_area,dominant_damage,has_dent,has_scratch,has_crack,has_glass_shatter,has_lamp_broken,has_tire_flat
1,000001.jpg,train2017,2,312326.0,tire flat,0,1,0,0,0,1
2,000002.jpg,train2017,1,114126.0,tire flat,0,0,0,0,0,1
3,000003.jpg,train2017,1,299792.0,tire flat,0,0,0,0,0,1
4,000004.jpg,train2017,1,383763.0,tire flat,0,0,0,0,0,1
5,000005.jpg,train2017,1,258456.0,tire flat,0,0,0,0,0,1
6,000006.jpg,train2017,1,338758.0,tire flat,0,0,0,0,0,1
7,000007.jpg,train2017,1,68661.0,tire flat,0,0,0,0,0,1
8,000008.jpg,train2017,7,92427.0,tire flat,0,0,1,0,0,1
9,000009.jpg,train2017,4,89987.0,tire flat,1,1,0,0,0,1
10,000010.jpg,train2017,1,137725.0,tire flat,0,0,0,0,0,1
11,000011.jpg,train2017,1,232817.0,tire flat,0,0,0,0,0,1
14,000014.jpg,train2017,4,94409.0,tire flat,1,1,0,0,0,1
18,000018.jpg,train2017,3,22042.0,scratch,0,1,0,0,0,0
19,000019.jpg,train2017,1,138968.0,scratch,0,1,0,0,0,0
20,000020.jpg,train2017,3,44096.0,scratch,0,1,0,0,0,0
21,000021.jpg,train2017,4,45294.0,scratch,0,1,0,0,0,0
22,000022.jpg,train2017,4,58372.0,scratch,0,1,1,0,0,0
26,000026.jpg,train2017,2,34719.0,scratch,0,1,0,0,0,0
27,000027.jpg,train2017,1,150959.0,scratch,0,1,0,0,0,0
28,000028.jpg,train2017,2,45320.0,dent,1,0,0,0,0,0
29,000029.jpg,train2017,3,234662.0,lamp broken,1,0,0,0,1,0
30,000030.jpg,train2017,1,239874.0,scratch,0,1,0,0,0,0
31,000031.jpg,train2017,3,126420.0,scratch,0,1,0,0,0,0
32,000032.jpg,train2017,1,11490.0,crack,0,0,1,0,0,0
36,000036.jpg,train2017,2,27833.0,scratch,0,1,0,0,0,0
37,000037.jpg,train2017,2,214190.0,tire flat,0,1,0,0,0,1
39,000039.jpg,train2017,5,121788.0,lamp broken,1,1,1,0,1,1
41,000041.jpg,train2017,1,354273.0,glass shatter,0,0,0,1,0,0
43,000043.jpg,train2017,4,36461.0,scratch,0,1,0,0,0,0
45,000045.jpg,train2017,5,30903.0,dent,1,1,1,0,0,0
46,000046.jpg,train2017,5,115470.0,scratch,0,1,0,0,0,0
48,000048.jpg,train2017,2,317220.0,glass shatter,1,0,0,1,0,0
49,000049.jpg,train2017,7,244866.0,scratch,0,1,1,0,1,1
50,000050.jpg,train2017,1,158549.0,scratch,0,1,0,0,0,0
51,000051.jpg,train2017,1,359988.0,glass shatter,0,0,0,1,0,0
52,000052.jpg,train2017,2,133329.0,lamp broken,0,1,0,0,1,0
53,000053.jpg,train2017,2,83362.0,tire flat,0,0,0,0,0,1
55,000055.jpg,train2017,1,143481.0,tire flat,0,0,0,0,0,1
56,000056.jpg,train2017,1,178507.0,tire flat,0,0,0,0,0,1
61,000061.jpg,train2017,1,286704.0,glass shatter,0,0,0,1,0,0
62,000062.jpg,train2017,3,72673.0,dent,1,0,0,0,1,0
63,000063.jpg,train2017,4,277226.0,lamp broken,1,1,0,0,1,0
64,000064.jpg,train2017,1,41920.0,scratch,0,1,0,0,0,0
65,000065.jpg,train2017,1,136743.0,scratch,0,1,0,0,0,0
66,000066.jpg,train2017,3,73715.0,dent,1,1,1,0,0,0
67,000067.jpg,train2017,1,86165.0,dent,1,0,0,0,0,0
68,000068.jpg,train2017,1,475770.0,glass shatter,0,0,0,1,0,0
69,000069.jpg,train2017,3,404216.0,dent,1,0,0,0,1,0
70,000070.jpg,train2017,2,42362.0,scratch,0,1,0,0,0,0
71,000071.jpg,train2017,2,174573.0,lamp broken,1,0,0,0,1,0
72,000072.jpg,train2017,1,31002.0,scratch,0,1,0,0,0,0
73,000073.jpg,train2017,2,188551.0,scratch,0,1,0,0,0,0
74,000074.jpg,train2017,2,310556.0,lamp broken,1,0,0,0,1,0
75,000075.jpg,train2017,1,110322.0,dent,1,0,0,0,0,0
76,000076.jpg,train2017,2,226005.0,dent,1,0,0,0,0,0
77,000077.jpg,train2017,1,155901.0,lamp broken,0,0,0,0,1,0
78,000078.jpg,train2017,2,169020.0,dent,1,0,0,0,1,0
79,000079.jpg,train2017,2,274791.0,dent,1,0,0,0,0,0
81,000081.jpg,train2017,2,99943.0,dent,1,0,0,0,1,0
85,000085.jpg,train2017,2,14473.0,dent,1,0,0,0,1,0
87,000087.jpg,train2017,5,173574.0,dent,1,1,1,0,0,0
92,000092.jpg,train2017,1,69316.0,dent,1,0,0,0,0,0
93,000093.jpg,train2017,3,133682.0,tire flat,1,0,0,0,0,1
94,000094.jpg,train2017,2,13693.0,lamp broken,1,0,0,0,1,0
95,000095.jpg,train2017,3,58555.0,dent,1,1,0,0,0,0
96,000096.jpg,train2017,7,64253.0,dent,1,1,1,0,0,0
98,000098.jpg,train2017,2,53649.0,dent,1,0,0,0,0,0
99,000099.jpg,train2017,3,377377.0,dent,1,0,0,0,1,0
100,000100.jpg,train2017,5,121710.0,lamp broken,0,0,1,0,1,0
101,000101.jpg,train2017,1,244960.0,dent,1,0,0,0,0,0
104,000104.jpg,train2017,1,101679.0,tire flat,0,0,0,0,0,1
108,000108.jpg,train2017,4,15825.0,lamp broken,1,0,1,0,1,0
111,000111.jpg,train2017,1,18583.0,scratch,0,1,0,0,0,0
112,000112.jpg,train2017,5,336617.0,dent,1,1,0,0,0,0
113,000113.jpg,train2017,2,145442.0,scratch,1,1,0,0,0,0
114,000114.jpg,train2017,1,7959.0,scratch,0,1,0,0,0,0
115,000115.jpg,train2017,2,22932.0,scratch,0,1,0,0,0,0
116,000116.jpg,train2017,3,78769.0,dent,1,1,0,0,0,0
117,000117.jpg,train2017,2,349863.0,dent,1,1,0,0,0,0
118,000118.jpg,train2017,6,213908.0,tire flat,1,1,0,0,0,1
119,000119.jpg,train2017,4,96367.0,dent,1,1,1,0,0,0
120,000120.jpg,train2017,1,117703.0,scratch,0,1,0,0,0,0
121,000121.jpg,train2017,2,174311.0,scratch,0,1,0,0,0,0
122,000122.jpg,train2017,2,42812.0,scratch,0,1,0,0,0,0
123,000123.jpg,train2017,1,323627.0,tire flat,0,0,0,0,0,1
124,000124.jpg,train2017,1,553903.0,tire flat,0,0,0,0,0,1
125,000125.jpg,train2017,1,185841.0,tire flat,0,0,0,0,0,1
126,000126.jpg,train2017,5,186106.0,tire flat,1,1,0,0,0,1
127,000127.jpg,train2017,3,126106.0,lamp broken,1,0,1,0,1,0
129,000129.jpg,train2017,6,56483.0,dent,1,1,1,0,0,0
131,000131.jpg,train2017,1,217143.0,scratch,0,1,0,0,0,0
132,000132.jpg,train2017,3,88509.0,dent,1,1,0,0,0,0
133,000133.jpg,train2017,2,144399.0,dent,1,1,0,0,0,0
134,000134.jpg,train2017,4,95067.0,tire flat,1,1,0,0,1,1
135,000135.jpg,train2017,3,276863.0,dent,1,1,0,0,0,0
138,000138.jpg,train2017,1,492004.0,glass shatter,0,0,0,1,0,0
139,000139.jpg,train2017,1,320006.0,glass shatter,0,0,0,1,0,0
140,000140.jpg,train2017,1,69917.0,glass shatter,0,0,0,1,0,0
141,000141.jpg,train2017,1,189370.0,lamp broken,0,0,0,0,1,0
142,000142.jpg,train2017,2,130290.0,lamp broken,1,0,0,0,1,0
143,000143.jpg,train2017,1,603212.0,glass shatter,0,0,0,1,0,0
144,000144.jpg,train2017,1,168975.0,glass shatter,0,0,0,1,0,0
145,000145.jpg,train2017,1,384718.0,lamp broken,0,0,0,0,1,0
147,000147.jpg,train2017,1,69694.0,scratch,0,1,0,0,0,0
148,000148.jpg,train2017,1,70201.0,scratch,0,1,0,0,0,0
150,000150.jpg,train2017,6,74561.0,dent,1,1,1,0,0,0
151,000151.jpg,train2017,1,122537.0,lamp broken,0,0,0,0,1,0
153,000153.jpg,train2017,4,110837.0,dent,1,0,1,0,1,0
154,000154.jpg,train2017,1,80396.0,glass shatter,0,0,0,1,0,0
155,000155.jpg,train2017,3,157604.0,lamp broken,1,1,0,0,1,0
158,000158.jpg,train2017,4,94214.0,dent,1,1,0,0,1,0
160,000160.jpg,train2017,6,55226.0,lamp broken,1,1,1,0,1,0
161,000161.jpg,train2017,3,347908.0,glass shatter,1,0,0,1,0,0
162,000162.jpg,train2017,2,227749.0,lamp broken,0,0,1,0,1,0
163,000163.jpg,train2017,1,104311.0,dent,1,0,0,0,0,0
164,000164.jpg,train2017,2,151187.0,lamp broken,1,0,0,0,1,0
168,000168.jpg,train2017,1,394650.0,glass shatter,0,0,0,1,0,0
169,000169.jpg,train2017,1,547064.0,glass shatter,0,0,0,1,0,0
170,000170.jpg,train2017,1,780000.0,glass shatter,0,0,0,1,0,0
171,000171.jpg,train2017,1,278430.0,glass shatter,0,0,0,1,0,0
172,000172.jpg,train2017,1,502779.0,glass shatter,0,0,0,1,0,0
173,000173.jpg,train2017,1,624000.0,glass shatter,0,0,0,1,0,0
174,000174.jpg,train2017,1,229983.0,glass shatter,0,0,0,1,0,0
178,000178.jpg,train2017,1,549347.0,glass shatter,0,0,0,1,0,0
179,000179.jpg,train2017,1,401798.0,glass shatter,0,0,0,1,0,0
180,000180.jpg,train2017,1,574923.0,glass shatter,0,0,0,1,0,0
181,000181.jpg,train2017,1,666000.0,glass shatter,0,0,0,1,0,0
182,000182.jpg,train2017,1,667000.0,glass shatter,0,0,0,1,0,0
183,000183.jpg,train2017,1,440572.0,glass shatter,0,0,0,1,0,0
184,000184.jpg,train2017,1,142545.0,glass shatter,0,0,0,1,0,0
188,000188.jpg,train2017,3,154113.0,lamp broken,0,0,1,1,1,0
189,000189.jpg,train2017,1,368158.0,lamp broken,0,0,0,0,1,0
190,000190.jpg,train2017,1,160630.0,lamp broken,0,0,0,0,1,0
194,000194.jpg,train2017,4,177270.0,lamp broken,1,1,0,0,1,0
195,000195.jpg,train2017,3,38524.0,lamp broken,1,1,0,0,1,0
196,000196.jpg,train2017,1,359406.0,glass shatter,0,0,0,1,0,0
197,000197.jpg,train2017,1,258703.0,glass shatter,0,0,0,1,0,0
198,000198.jpg,train2017,1,514391.0,glass shatter,0,0,0,1,0,0
199,000199.jpg,train2017,1,227098.0,lamp broken,0,0,0,0,1,0
200,000200.jpg,train2017,1,350108.0,glass shatter,0,0,0,1,0,0
201,000201.jpg,train2017,1,335365.0,glass shatter,0,0,0,1,0,0
202,000202.jpg,train2017,1,649743.0,glass shatter,0,0,0,1,0,0
203,000203.jpg,train2017,1,409526.0,glass shatter,0,0,0,1,0,0
207,000207.jpg,train2017,1,478720.0,glass shatter,0,0,0,1,0,0
208,000208.jpg,train2017,1,440797.0,glass shatter,0,0,0,1,0,0
209,000209.jpg,train2017,1,216516.0,glass shatter,0,0,0,1,0,0
210,000210.jpg,train2017,2,425067.0,glass shatter,1,0,0,1,0,0
211,000211.jpg,train2017,1,224667.0,glass shatter,0,0,0,1,0,0
212,000212.jpg,train2017,1,435150.0,glass shatter,0,0,0,1,0,0
213,000213.jpg,train2017,2,303189.0,glass shatter,1,0,0,1,0,0
217,000217.jpg,train2017,1,470847.0,glass shatter,0,0,0,1,0,0
218,000218.jpg,train2017,1,349708.0,glass shatter,0,0,0,1,0,0
219,000219.jpg,train2017,1,353935.0,glass shatter,0,0,0,1,0,0
220,000220.jpg,train2017,1,295399.0,glass shatter,0,0,0,1,0,0
221,000221.jpg,train2017,1,490510.0,glass shatter,0,0,0,1,0,0
222,000222.jpg,train2017,1,419873.0,glass shatter,0,0,0,1,0,0
223,000223.jpg,train2017,1,538985.0,glass shatter,0,0,0,1,0,0
227,000227.jpg,train2017,1,173658.0,glass shatter,0,0,0,1,0,0
228,000228.jpg,train2017,1,376271.0,glass shatter,0,0,0,1,0,0
229,000229.jpg,train2017,1,464479.0,glass shatter,0,0,0,1,0,0
230,000230.jpg,train2017,1,275743.0,glass shatter,0,0,0,1,0,0
231,000231.jpg,train2017,1,309239.0,glass shatter,0,0,0,1,0,0
232,000232.jpg,train2017,1,227610.0,glass shatter,0,0,0,1,0,0
234,000234.jpg,train2017,5,27192.0,dent,1,1,0,0,0,0
236,000236.jpg,train2017,3,139605.0,dent,1,1,0,0,1,0
238,000238.jpg,train2017,5,113879.0,lamp broken,1,1,0,0,1,0
240,000240.jpg,train2017,1,15641.0,scratch,0,1,0,0,0,0
245,000245.jpg,train2017,1,109375.0,glass shatter,0,0,0,1,0,0
246,000246.jpg,train2017,1,344504.0,glass shatter,0,0,0,1,0,0
247,000247.jpg,train2017,1,49484.0,dent,1,0,0,0,0,0
248,000248.jpg,train2017,1,144893.0,glass shatter,0,0,0,1,0,0
249,000249.jpg,train2017,1,542252.0,glass shatter,0,0,0,1,0,0
250,000250.jpg,train2017,1,486660.0,glass shatter,0,0,0,1,0,0
251,000251.jpg,train2017,1,319051.0,glass shatter,0,0,0,1,0,0
252,000252.jpg,train2017,1,207021.0,glass shatter,0,0,0,1,0,0
256,000256.jpg,train2017,1,423383.0,glass shatter,0,0,0,1,0,0
257,000257.jpg,train2017,2,137713.0,glass shatter,1,0,0,1,0,0
258,000258.jpg,train2017,1,415817.0,glass shatter,0,0,0,1,0,0
261,000261.jpg,train2017,1,636305.0,glass shatter,0,0,0,1,0,0
262,000262.jpg,train2017,1,588344.0,glass shatter,0,0,0,1,0,0
263,000263.jpg,train2017,1,450238.0,glass shatter,0,0,0,1,0,0
264,000264.jpg,train2017,7,397069.0,glass shatter,1,0,0,1,0,0
265,000265.jpg,train2017,6,364320.0,glass shatter,1,0,0,1,0,0
266,000266.jpg,train2017,1,88573.0,glass shatter,0,0,0,1,0,0
269,000269.jpg,train2017,3,254990.0,glass shatter,1,0,0,1,0,0
273,000273.jpg,train2017,1,425005.0,lamp broken,0,0,0,0,1,0
274,000274.jpg,train2017,1,211086.0,lamp broken,0,0,0,0,1,0
275,000275.jpg,train2017,2,132977.0,lamp broken,0,1,0,0,1,0
276,000276.jpg,train2017,3,33889.0,lamp broken,0,1,1,0,1,0
277,000277.jpg,train2017,1,33729.0,lamp broken,0,0,0,0,1,0
279,000279.jpg,train2017,1,238430.0,glass shatter,0,0,0,1,0,0
280,000280.jpg,train2017,1,56163.0,glass shatter,0,0,0,1,0,0
281,000281.jpg,train2017,2,245426.0,lamp broken,0,1,0,0,1,0
282,000282.jpg,train2017,1,172673.0,glass shatter,0,0,0,1,0,0
283,000283.jpg,train2017,1,308172.0,glass shatter,0,0,0,1,0,0
284,000284.jpg,train2017,3,170065.0,lamp broken,1,0,1,0,1,0
285,000285.jpg,train2017,1,118858.0,glass shatter,0,0,0,1,0,0
286,000286.jpg,train2017,1,422052.0,glass shatter,0,0,0,1,0,0
287,000287.jpg,train2017,1,187580.0,glass shatter,0,0,0,1,0,0
291,000291.jpg,train2017,5,64217.0,glass shatter,1,0,0,1,1,0
292,000292.jpg,train2017,4,90298.0,glass shatter,1,0,0,1,1,0
295,000295.jpg,train2017,8,313678.0,dent,1,1,0,0,1,0
296,000296.jpg,train2017,1,450582.0,lamp broken,0,0,0,0,1,0
298,000298.jpg,train2017,4,355403.0,lamp broken,1,0,0,0,1,0
302,000302.jpg,train2017,3,212208.0,lamp broken,1,0,0,0,1,0
303,000303.jpg,train2017,3,273585.0,tire flat,0,1,1,0,0,1
304,000304.jpg,train2017,1,324114.0,tire flat,0,0,0,0,0,1
305,000305.jpg,train2017,1,186879.0,glass shatter,0,0,0,1,0,0
306,000306.jpg,train2017,1,367167.0,glass shatter,0,0,0,1,0,0
307,000307.jpg,train2017,1,264206.0,glass shatter,0,0,0,1,0,0
308,000308.jpg,train2017,1,386760.0,glass shatter,0,0,0,1,0,0
309,000309.jpg,train2017,1,430819.0,glass shatter,0,0,0,1,0,0
313,000313.jpg,train2017,3,309411.0,glass shatter,1,0,0,1,0,0
314,000314.jpg,train2017,1,330559.0,glass shatter,0,0,0,1,0,0
315,000315.jpg,train2017,1,462392.0,glass shatter,0,0,0,1,0,0
316,000316.jpg,train2017,1,537977.0,glass shatter,0,0,0,1,0,0
317,000317.jpg,train2017,1,181437.0,glass shatter,0,0,0,1,0,0
318,000318.jpg,train2017,1,226681.0,glass shatter,0,0,0,1,0,0
319,000319.jpg,train2017,1,305594.0,glass shatter,0,0,0,1,0,0
323,000323.jpg,train2017,3,267777.0,glass shatter,1,0,0,1,0,0
324,000324.jpg,train2017,2,50201.0,glass shatter,1,0,0,1,0,0
325,000325.jpg,train2017,1,574034.0,glass shatter,0,0,0,1,0,0
326,000326.jpg,train2017,1,177661.0,glass shatter,0,0,0,1,0,0
327,000327.jpg,train2017,1,504621.0,glass shatter,0,0,0,1,0,0
328,000328.jpg,train2017,1,364946.0,glass shatter,0,0,0,1,0,0
329,000329.jpg,train2017,1,367422.0,glass shatter,0,0,0,1,0,0
333,000333.jpg,train2017,1,476305.0,glass shatter,0,0,0,1,0,0
334,000334.jpg,train2017,1,457342.0,glass shatter,0,0,0,1,0,0
335,000335.jpg,train2017,1,569862.0,glass shatter,0,0,0,1,0,0
336,000336.jpg,train2017,1,576005.0,glass shatter,0,0,0,1,0,0
337,000337.jpg,train2017,1,393607.0,glass shatter,0,0,0,1,0,0
338,000338.jpg,train2017,1,395707.0,glass shatter,0,0,0,1,0,0
339,000339.jpg,train2017,1,348630.0,glass shatter,0,0,0,1,0,0
344,000344.jpg,train2017,1,180812.0,glass shatter,0,0,0,1,0,0
345,000345.jpg,train2017,5,91633.0,lamp broken,1,0,1,0,1,0
346,000346.jpg,train2017,1,187616.0,tire flat,0,0,0,0,0,1
349,000349.jpg,train2017,1,67929.0,crack,0,0,1,0,0,0
351,000351.jpg,train2017,2,193573.0,dent,1,1,0,0,0,0
357,000357.jpg,train2017,7,182675.0,dent,1,1,0,0,0,0
358,000358.jpg,train2017,3,99425.0,scratch,0,1,1,0,0,0
359,000359.jpg,train2017,1,20050.0,crack,0,0,1,0,0,0
360,000360.jpg,train2017,2,58979.0,scratch,0,1,0,0,0,0
361,000361.jpg,train2017,5,76138.0,dent,1,1,0,0,0,0
362,000362.jpg,train2017,5,49003.0,dent,1,1,0,0,0,0
363,000363.jpg,train2017,1,22065.0,dent,1,0,0,0,0,0
364,000364.jpg,train2017,5,121176.0,dent,1,1,0,0,0,0
365,000365.jpg,train2017,3,241652.0,dent,1,0,0,0,0,0
366,000366.jpg,train2017,4,36636.0,scratch,1,1,0,0,0,0
367,000367.jpg,train2017,2,56861.0,scratch,0,1,0,0,0,0
368,000368.jpg,train2017,1,25515.0,scratch,0,1,0,0,0,0
369,000369.jpg,train2017,2,17081.0,scratch,0,1,0,0,0,0
370,000370.jpg,train2017,1,73133.0,glass shatter,0,0,0,1,0,0
371,000371.jpg,train2017,3,141765.0,dent,1,0,0,0,1,0
372,000372.jpg,train2017,2,313601.0,scratch,1,1,0,0,0,0
373,000373.jpg,train2017,1,45007.0,dent,1,0,0,0,0,0
374,000374.jpg,train2017,4,174784.0,lamp broken,1,1,1,0,1,0
375,000375.jpg,train2017,1,101795.0,glass shatter,0,0,0,1,0,0
377,000377.jpg,train2017,1,19099.0,crack,0,0,1,0,0,0
379,000379.jpg,train2017,3,31847.0,scratch,0,1,0,0,0,0
380,000380.jpg,train2017,2,65534.0,scratch,1,1,0,0,0,0
382,000382.jpg,train2017,5,149385.0,scratch,1,1,0,0,1,0
383,000383.jpg,train2017,4,123847.0,lamp broken,0,1,1,0,1,0
384,000384.jpg,train2017,2,284832.0,lamp broken,0,0,1,0,1,0
386,000386.jpg,train2017,8,60583.0,lamp broken,1,1,1,0,1,0
388,000388.jpg,train2017,4,91510.0,dent,1,0,1,0,0,0
389,000389.jpg,train2017,4,394417.0,dent,1,1,0,0,0,0
390,000390.jpg,train2017,4,431587.0,glass shatter,1,0,0,1,0,0
391,000391.jpg,train2017,2,7360.0,crack,0,0,1,0,0,0
392,000392.jpg,train2017,3,64712.0,dent,1,0,0,0,0,0
393,000393.jpg,train2017,4,32901.0,glass shatter,1,0,1,1,0,0
394,000394.jpg,train2017,1,181367.0,scratch,0,1,0,0,0,0
395,000395.jpg,train2017,4,254343.0,glass shatter,1,0,0,1,1,0
396,000396.jpg,train2017,3,70494.0,scratch,0,1,1,0,0,0
397,000397.jpg,train2017,1,484125.0,lamp broken,0,0,0,0,1,0
398,000398.jpg,train2017,1,440135.0,glass shatter,0,0,0,1,0,0
399,000399.jpg,train2017,4,352033.0,glass shatter,1,1,0,1,0,0
401,000401.jpg,train2017,3,97790.0,lamp broken,1,1,0,0,1,0
402,000402.jpg,train2017,3,63104.0,dent,1,0,0,0,1,0
403,000403.jpg,train2017,5,191862.0,lamp broken,1,0,1,0,1,0
406,000406.jpg,train2017,6,151722.0,dent,1,1,0,0,1,0
408,000408.jpg,train2017,3,252049.0,lamp broken,1,1,0,0,1,0
409,000409.jpg,train2017,1,54406.0,scratch,0,1,0,0,0,0
410,000410.jpg,train2017,1,123291.0,dent,1,0,0,0,0,0
411,000411.jpg,train2017,7,229419.0,dent,1,1,1,0,1,1
412,000412.jpg,train2017,3,257168.0,dent,1,1,0,0,1,0
413,000413.jpg,train2017,2,113345.0,dent,1,0,0,0,0,0
414,000414.jpg,train2017,1,43335.0,scratch,0,1,0,0,0,0
416,000416.jpg,train2017,3,119253.0,dent,1,1,0,0,1,0
419,000419.jpg,train2017,2,145991.0,lamp broken,0,1,0,0,1,0
420,000420.jpg,train2017,3,182178.0,lamp broken,0,1,0,0,1,0
421,000421.jpg,train2017,1,566741.0,glass shatter,0,0,0,1,0,0
425,000425.jpg,train2017,1,184704.0,lamp broken,0,0,0,0,1,0
428,000428.jpg,train2017,2,150801.0,lamp broken,1,0,0,0,1,0
429,000429.jpg,train2017,4,158636.0,lamp broken,1,1,0,0,1,0
430,000430.jpg,train2017,5,66678.0,lamp broken,0,1,1,0,1,0
431,000431.jpg,train2017,2,193549.0,dent,1,0,0,0,0,0
432,000432.jpg,train2017,4,104583.0,glass shatter,1,0,0,1,0,0
434,000434.jpg,train2017,1,612329.0,glass shatter,0,0,0,1,0,0
435,000435.jpg,train2017,1,200539.0,glass shatter,0,0,0,1,0,0
436,000436.jpg,train2017,2,210074.0,lamp broken,0,0,1,0,1,0
437,000437.jpg,train2017,2,131345.0,dent,1,0,0,0,0,0
438,000438.jpg,train2017,4,196141.0,scratch,1,1,0,0,0,0
440,000440.jpg,train2017,2,69118.0,dent,1,1,0,0,0,0
441,000441.jpg,train2017,2,53177.0,dent,1,1,0,0,0,0
442,000442.jpg,train2017,2,101941.0,dent,1,0,0,0,0,0
443,000443.jpg,train2017,3,70862.0,dent,1,0,1,0,0,0
444,000444.jpg,train2017,5,93504.0,lamp broken,1,1,0,0,1,0
446,000446.jpg,train2017,2,81912.0,dent,1,0,0,0,0,0
447,000447.jpg,train2017,3,323032.0,dent,1,1,0,0,0,0
448,000448.jpg,train2017,5,89677.0,scratch,0,1,0,0,0,0
449,000449.jpg,train2017,1,59818.0,scratch,0,1,0,0,0,0
450,000450.jpg,train2017,1,8139.0,scratch,0,1,0,0,0,0
451,000451.jpg,train2017,1,50521.0,scratch,0,1,0,0,0,0
453,000453.jpg,train2017,2,94887.0,scratch,0,1,0,0,0,0
455,000455.jpg,train2017,2,267238.0,scratch,0,1,0,0,0,0
456,000456.jpg,train2017,4,178286.0,dent,1,1,0,0,0,0
457,000457.jpg,train2017,1,56067.0,dent,1,0,0,0,0,0
458,000458.jpg,train2017,3,79731.0,scratch,1,1,1,0,0,0
459,000459.jpg,train2017,1,113145.0,dent,1,0,0,0,0,0
460,000460.jpg,train2017,5,232557.0,lamp broken,1,0,1,0,1,0
461,000461.jpg,train2017,5,43942.0,lamp broken,1,0,1,0,1,0
462,000462.jpg,train2017,3,348789.0,glass shatter,1,0,0,1,0,0
463,000463.jpg,train2017,1,245983.0,tire flat,0,0,0,0,0,1
464,000464.jpg,train2017,1,152739.0,glass shatter,0,0,0,1,0,0
465,000465.jpg,train2017,1,106385.0,glass shatter,0,0,0,1,0,0
467,000467.jpg,train2017,6,115694.0,lamp broken,1,1,0,0,1,0
471,000471.jpg,train2017,1,619482.0,glass shatter,0,0,0,1,0,0
472,000472.jpg,train2017,1,551478.0,glass shatter,0,0,0,1,0,0
473,000473.jpg,train2017,1,155546.0,glass shatter,0,0,0,1,0,0
474,000474.jpg,train2017,1,296484.0,glass shatter,0,0,0,1,0,0
476,000476.jpg,train2017,1,49693.0,scratch,0,1,0,0,0,0
477,000477.jpg,train2017,1,18061.0,scratch,0,1,0,0,0,0
478,000478.jpg,train2017,1,202578.0,scratch,0,1,0,0,0,0
479,000479.jpg,train2017,1,80061.0,scratch,0,1,0,0,0,0
480,000480.jpg,train2017,3,242240.0,dent,1,1,0,0,0,0
484,000484.jpg,train2017,2,86300.0,lamp broken,1,0,0,0,1,0
485,000485.jpg,train2017,8,148702.0,scratch,1,1,1,0,1,0
486,000486.jpg,train2017,3,181631.0,scratch,1,1,0,0,0,0
487,000487.jpg,train2017,2,355849.0,scratch,0,1,0,0,0,0
489,000489.jpg,train2017,1,92337.0,dent,1,0,0,0,0,0
490,000490.jpg,train2017,2,197442.0,dent,1,0,0,0,1,0
494,000494.jpg,train2017,5,427819.0,lamp broken,1,1,1,0,1,0
496,000496.jpg,train2017,1,126350.0,dent,1,0,0,0,0,0
498,000498.jpg,train2017,2,49962.0,dent,1,0,0,0,0,0
499,000499.jpg,train2017,1,173650.0,dent,1,0,0,0,0,0
500,000500.jpg,train2017,2,404658.0,dent,1,0,0,0,1,0
501,000501.jpg,train2017,3,131195.0,dent,1,1,0,0,1,0
502,000502.jpg,train2017,5,141299.0,lamp broken,1,1,1,0,1,0
503,000503.jpg,train2017,4,213600.0,lamp broken,1,1,0,0,1,0
504,000504.jpg,train2017,1,108656.0,scratch,0,1,0,0,0,0
505,000505.jpg,train2017,4,308836.0,lamp broken,1,1,1,0,1,0
506,000506.jpg,train2017,4,390197.0,scratch,1,1,1,0,1,0
507,000507.jpg,train2017,2,68361.0,scratch,0,1,0,0,0,0
508,000508.jpg,train2017,3,94915.0,dent,1,0,0,0,0,0
509,000509.jpg,train2017,2,4160.0,crack,0,0,1,0,0,0
510,000510.jpg,train2017,1,3248.0,crack,0,0,1,0,0,0
511,000511.jpg,train2017,2,18225.0,dent,1,1,0,0,0,0
512,000512.jpg,train2017,6,75750.0,glass shatter,0,1,0,1,0,0
518,000518.jpg,train2017,4,133974.0,dent,1,1,0,0,0,0
519,000519.jpg,train2017,4,198897.0,dent,1,0,1,0,0,0
522,000522.jpg,train2017,5,59681.0,lamp broken,1,1,1,0,1,0
523,000523.jpg,train2017,2,86147.0,scratch,0,1,0,0,0,0
525,000525.jpg,train2017,4,37753.0,scratch,0,1,0,0,0,0
526,000526.jpg,train2017,2,467669.0,glass shatter,1,0,0,1,0,0
527,000527.jpg,train2017,5,75686.0,lamp broken,1,1,0,0,1,0
528,000528.jpg,train2017,1,8804.0,lamp broken,0,0,0,0,1,0
529,000529.jpg,train2017,2,20993.0,lamp broken,1,0,0,0,1,0
530,000530.jpg,train2017,2,47977.0,scratch,1,1,0,0,0,0
533,000533.jpg,train2017,1,39958.0,scratch,0,1,0,0,0,0
534,000534.jpg,train2017,1,113297.0,scratch,0,1,0,0,0,0
535,000535.jpg,train2017,2,138159.0,lamp broken,0,1,0,0,1,0
536,000536.jpg,train2017,6,143021.0,dent,1,1,1,0,0,0
539,000539.jpg,train2017,3,113972.0,dent,1,0,0,0,1,0
540,000540.jpg,train2017,3,51590.0,lamp broken,1,0,0,0,1,0
543,000543.jpg,train2017,1,156722.0,glass shatter,0,0,0,1,0,0
545,000545.jpg,train2017,5,311738.0,tire flat,1,0,1,0,0,1
546,000546.jpg,train2017,2,90693.0,dent,1,0,0,0,0,0
547,000547.jpg,train2017,1,169990.0,dent,1,0,0,0,0,0
548,000548.jpg,train2017,2,399133.0,dent,1,0,0,0,0,0
549,000549.jpg,train2017,2,191283.0,dent,1,0,0,0,0,0
551,000551.jpg,train2017,2,128749.0,scratch,0,1,0,0,0,0
553,000553.jpg,train2017,3,83035.0,dent,1,1,0,0,1,0
554,000554.jpg,train2017,4,51687.0,scratch,0,1,1,0,0,0
555,000555.jpg,train2017,1,94503.0,dent,1,0,0,0,0,0
556,000556.jpg,train2017,1,11117.0,scratch,0,1,0,0,0,0
557,000557.jpg,train2017,2,196571.0,dent,1,0,0,0,0,0
558,000558.jpg,train2017,2,434778.0,dent,1,0,0,0,0,0
559,000559.jpg,train2017,1,32662.0,scratch,0,1,0,0,0,0
560,000560.jpg,train2017,2,45101.0,scratch,0,1,0,0,0,0
562,000562.jpg,train2017,2,236319.0,dent,1,1,0,0,0,0
563,000563.jpg,train2017,2,99469.0,dent,1,0,1,0,0,0
564,000564.jpg,train2017,3,130087.0,dent,1,1,0,0,0,0
566,000566.jpg,train2017,6,174582.0,dent,1,1,1,0,0,0
568,000568.jpg,train2017,1,157701.0,dent,1,0,0,0,0,0
569,000569.jpg,train2017,5,373794.0,lamp broken,0,1,0,0,1,0
574,000574.jpg,train2017,13,209055.0,lamp broken,1,1,1,0,1,0
580,000580.jpg,train2017,1,32581.0,lamp broken,0,0,0,0,1,0
581,000581.jpg,train2017,3,345422.0,dent,1,0,0,0,0,0
582,000582.jpg,train2017,3,148882.0,dent,1,0,0,0,0,0
583,000583.jpg,train2017,2,71675.0,scratch,0,1,0,0,0,0
584,000584.jpg,train2017,1,95698.0,scratch,0,1,0,0,0,0
585,000585.jpg,train2017,2,41962.0,scratch,0,1,0,0,0,0
586,000586.jpg,train2017,1,174385.0,tire flat,0,0,0,0,0,1
587,000587.jpg,train2017,1,116375.0,tire flat,0,0,0,0,0,1
588,000588.jpg,train2017,1,233372.0,tire flat,0,0,0,0,0,1
590,000590.jpg,train2017,3,371561.0,dent,1,0,0,0,0,0
591,000591.jpg,train2017,1,12522.0,dent,1,0,0,0,0,0
592,000592.jpg,train2017,1,115932.0,glass shatter,0,0,0,1,0,0
593,000593.jpg,train2017,3,268397.0,dent,1,1,0,0,0,0
594,000594.jpg,train2017,5,252823.0,scratch,1,1,0,0,0,0
596,000596.jpg,train2017,1,343987.0,tire flat,0,0,0,0,0,1
597,000597.jpg,train2017,1,267065.0,tire flat,0,0,0,0,0,1
598,000598.jpg,train2017,1,190795.0,tire flat,0,0,0,0,0,1
599,000599.jpg,train2017,1,43898.0,tire flat,0,0,0,0,0,1
600,000600.jpg,train2017,1,306209.0,tire flat,0,0,0,0,0,1
601,000601.jpg,train2017,1,115063.0,tire flat,0,0,0,0,0,1
602,000602.jpg,train2017,1,321573.0,tire flat,0,0,0,0,0,1
606,000606.jpg,train2017,3,62473.0,dent,1,0,1,0,0,0
607,000607.jpg,train2017,2,93444.0,dent,1,0,0,0,0,0
608,000608.jpg,train2017,4,58285.0,lamp broken,1,1,1,0,1,0
609,000609.jpg,train2017,2,159407.0,lamp broken,0,1,0,0,1,0
610,000610.jpg,train2017,2,331677.0,dent,1,0,0,0,1,0
612,000612.jpg,train2017,3,237021.0,lamp broken,0,1,1,0,1,0
613,000613.jpg,train2017,1,281509.0,glass shatter,0,0,0,1,0,0
615,000615.jpg,train2017,1,194150.0,dent,1,0,0,0,0,0
616,000616.jpg,train2017,1,31314.0,dent,1,0,0,0,0,0
617,000617.jpg,train2017,1,162770.0,tire flat,0,0,0,0,0,1
618,000618.jpg,train2017,2,11110.0,scratch,0,1,0,0,0,0
619,000619.jpg,train2017,2,47125.0,scratch,0,1,0,0,0,0
620,000620.jpg,train2017,6,45823.0,scratch,0,1,0,0,0,0
621,000621.jpg,train2017,1,221129.0,scratch,0,1,0,0,0,0
622,000622.jpg,train2017,5,99917.0,scratch,0,1,1,0,0,0
623,000623.jpg,train2017,1,316207.0,tire flat,0,0,0,0,0,1
624,000624.jpg,train2017,2,145595.0,dent,1,1,0,0,0,0
627,000627.jpg,train2017,1,101874.0,tire flat,0,0,0,0,0,1
628,000628.jpg,train2017,1,122793.0,tire flat,0,0,0,0,0,1
629,000629.jpg,train2017,4,315029.0,scratch,0,1,1,0,0,0
630,000630.jpg,train2017,1,84614.0,scratch,0,1,0,0,0,0
633,000633.jpg,train2017,1,369715.0,glass shatter,0,0,0,1,0,0
634,000634.jpg,train2017,1,501318.0,glass shatter,0,0,0,1,0,0
635,000635.jpg,train2017,2,38753.0,scratch,0,1,0,0,0,0
636,000636.jpg,train2017,1,76888.0,scratch,0,1,0,0,0,0
637,000637.jpg,train2017,2,19316.0,dent,1,1,0,0,0,0
639,000639.jpg,train2017,1,230832.0,lamp broken,0,0,0,0,1,0
642,000642.jpg,train2017,1,13262.0,scratch,0,1,0,0,0,0
643,000643.jpg,train2017,1,5110.0,scratch,0,1,0,0,0,0
644,000644.jpg,train2017,2,59434.0,scratch,0,1,0,0,0,0
645,000645.jpg,train2017,2,78841.0,scratch,0,1,1,0,0,0
646,000646.jpg,train2017,2,105926.0,scratch,0,1,0,0,0,0
647,000647.jpg,train2017,2,82905.0,scratch,0,1,1,0,0,0
649,000649.jpg,train2017,1,63298.0,scratch,0,1,0,0,0,0
650,000650.jpg,train2017,1,57747.0,scratch,0,1,0,0,0,0
651,000651.jpg,train2017,1,57303.0,scratch,0,1,0,0,0,0
652,000652.jpg,train2017,1,24272.0,scratch,0,1,0,0,0,0
654,000654.jpg,train2017,3,32843.0,scratch,0,1,0,0,0,0
656,000656.jpg,train2017,1,419260.0,tire flat,0,0,0,0,0,1
657,000657.jpg,train2017,1,164931.0,lamp broken,0,0,0,0,1,0
658,000658.jpg,train2017,1,307698.0,tire flat,0,0,0,0,0,1
662,000662.jpg,train2017,1,284425.0,tire flat,0,0,0,0,0,1
663,000663.jpg,train2017,1,15769.0,scratch,0,1,0,0,0,0
664,000664.jpg,train2017,1,237760.0,tire flat,0,0,0,0,0,1
665,000665.jpg,train2017,1,89989.0,tire flat,0,0,0,0,0,1
666,000666.jpg,train2017,1,124737.0,tire flat,0,0,0,0,0,1
667,000667.jpg,train2017,1,241717.0,tire flat,0,0,0,0,0,1
668,000668.jpg,train2017,1,102681.0,tire flat,0,0,0,0,0,1
669,000669.jpg,train2017,1,81076.0,tire flat,0,0,0,0,0,1
673,000673.jpg,train2017,1,154013.0,tire flat,0,0,0,0,0,1
674,000674.jpg,train2017,1,161185.0,tire flat,0,0,0,0,0,1
675,000675.jpg,train2017,1,315646.0,tire flat,0,0,0,0,0,1
676,000676.jpg,train2017,1,162977.0,tire flat,0,0,0,0,0,1
677,000677.jpg,train2017,4,96324.0,dent,1,1,0,1,0,0
679,000679.jpg,train2017,2,64095.0,scratch,0,1,0,0,0,0
680,000680.jpg,train2017,1,191430.0,scratch,0,1,0,0,0,0
681,000681.jpg,train2017,2,50749.0,dent,1,0,0,0,0,0
682,000682.jpg,train2017,3,25469.0,dent,1,1,0,0,0,0
683,000683.jpg,train2017,5,117316.0,dent,1,1,1,0,0,0
684,000684.jpg,train2017,2,200376.0,dent,1,1,0,0,0,0
685,000685.jpg,train2017,5,38833.0,lamp broken,0,0,1,0,1,0
686,000686.jpg,train2017,2,165349.0,scratch,0,1,0,0,0,0
688,000688.jpg,train2017,2,209373.0,lamp broken,1,0,0,0,1,0
689,000689.jpg,train2017,2,117792.0,dent,1,0,0,0,1,0
690,000690.jpg,train2017,3,166521.0,lamp broken,1,1,0,0,1,0
691,000691.jpg,train2017,1,173792.0,lamp broken,0,0,0,0,1,0
692,000692.jpg,train2017,3,183690.0,lamp broken,0,1,0,0,1,0
694,000694.jpg,train2017,2,60261.0,scratch,0,1,0,0,0,0
695,000695.jpg,train2017,2,204012.0,dent,1,0,1,0,0,0
697,000697.jpg,train2017,2,141459.0,dent,1,1,0,0,0,0
701,000701.jpg,train2017,1,403176.0,tire flat,0,0,0,0,0,1
705,000705.jpg,train2017,1,333956.0,glass shatter,0,0,0,1,0,0
706,000706.jpg,train2017,1,601198.0,glass shatter,0,0,0,1,0,0
708,000708.jpg,train2017,2,75191.0,scratch,0,1,0,0,0,0
709,000709.jpg,train2017,1,73248.0,scratch,0,1,0,0,0,0
710,000710.jpg,train2017,2,61419.0,scratch,0,1,0,0,0,0
711,000711.jpg,train2017,1,242122.0,glass shatter,0,0,0,1,0,0
712,000712.jpg,train2017,1,332795.0,tire flat,0,0,0,0,0,1
713,000713.jpg,train2017,1,223746.0,tire flat,0,0,0,0,0,1
714,000714.jpg,train2017,2,91951.0,tire flat,0,1,0,0,0,1
715,000715.jpg,train2017,1,192090.0,tire flat,0,0,0,0,0,1
716,000716.jpg,train2017,1,88502.0,scratch,0,1,0,0,0,0
717,000717.jpg,train2017,1,211455.0,scratch,0,1,0,0,0,0
718,000718.jpg,train2017,1,144722.0,tire flat,0,0,0,0,0,1
719,000719.jpg,train2017,1,211086.0,tire flat,0,0,0,0,0,1
723,000723.jpg,train2017,1,53325.0,tire flat,0,0,0,0,0,1
724,000724.jpg,train2017,1,240538.0,tire flat,0,0,0,0,0,1
725,000725.jpg,train2017,1,163552.0,tire flat,0,0,0,0,0,1
726,000726.jpg,train2017,1,501051.0,tire flat,0,0,0,0,0,1
727,000727.jpg,train2017,1,258873.0,tire flat,0,0,0,0,0,1
728,000728.jpg,train2017,1,314669.0,tire flat,0,0,0,0,0,1
729,000729.jpg,train2017,1,96201.0,tire flat,0,0,0,0,0,1
733,000733.jpg,train2017,1,211839.0,tire flat,0,0,0,0,0,1
734,000734.jpg,train2017,1,111106.0,tire flat,0,0,0,0,0,1
735,000735.jpg,train2017,1,274771.0,tire flat,0,0,0,0,0,1
736,000736.jpg,train2017,1,190152.0,tire flat,0,0,0,0,0,1
737,000737.jpg,train2017,1,105344.0,tire flat,0,0,0,0,0,1
738,000738.jpg,train2017,1,272851.0,tire flat,0,0,0,0,0,1
739,000739.jpg,train2017,1,62582.0,tire flat,0,0,0,0,0,1
741,000741.jpg,train2017,1,398102.0,tire flat,0,0,0,0,0,1
742,000742.jpg,train2017,1,243650.0,tire flat,0,0,0,0,0,1
743,000743.jpg,train2017,1,140003.0,tire flat,0,0,0,0,0,1
744,000744.jpg,train2017,1,462392.0,tire flat,0,0,0,0,0,1
745,000745.jpg,train2017,1,195751.0,tire flat,0,0,0,0,0,1
746,000746.jpg,train2017,1,240849.0,tire flat,0,0,0,0,0,1
747,000747.jpg,train2017,1,239325.0,tire flat,0,0,0,0,0,1
752,000752.jpg,train2017,1,69679.0,tire flat,0,0,0,0,0,1
753,000753.jpg,train2017,4,168146.0,lamp broken,0,1,1,0,1,0
754,000754.jpg,train2017,5,152139.0,lamp broken,1,1,1,0,1,0
755,000755.jpg,train2017,4,168978.0,dent,1,1,0,0,1,0
756,000756.jpg,train2017,1,359399.0,dent,1,0,0,0,0,0
757,000757.jpg,train2017,1,56240.0,scratch,0,1,0,0,0,0
758,000758.jpg,train2017,1,53924.0,scratch,0,1,0,0,0,0
759,000759.jpg,train2017,2,81769.0,dent,1,1,0,0,0,0
760,000760.jpg,train2017,2,74328.0,scratch,0,1,0,0,0,0
761,000761.jpg,train2017,1,8099.0,scratch,0,1,0,0,0,0
762,000762.jpg,train2017,2,60568.0,scratch,0,1,0,0,0,0
763,000763.jpg,train2017,2,2556.0,scratch,0,1,1,0,0,0
764,000764.jpg,train2017,1,203893.0,scratch,0,1,0,0,0,0
765,000765.jpg,train2017,1,69483.0,dent,1,0,0,0,0,0
768,000768.jpg,train2017,3,132881.0,scratch,0,1,0,0,1,0
770,000770.jpg,train2017,2,29486.0,scratch,0,1,0,0,0,0
771,000771.jpg,train2017,1,140404.0,dent,1,0,0,0,0,0
772,000772.jpg,train2017,1,203850.0,tire flat,0,0,0,0,0,1
773,000773.jpg,train2017,1,284269.0,tire flat,0,0,0,0,0,1
774,000774.jpg,train2017,1,122352.0,tire flat,0,0,0,0,0,1
775,000775.jpg,train2017,1,123458.0,tire flat,0,0,0,0,0,1
776,000776.jpg,train2017,1,100118.0,tire flat,0,0,0,0,0,1
777,000777.jpg,train2017,1,356589.0,tire flat,0,0,0,0,0,1
779,000779.jpg,train2017,5,152298.0,lamp broken,1,1,1,0,1,0
780,000780.jpg,train2017,3,92190.0,lamp broken,1,0,1,0,1,0
781,000781.jpg,train2017,2,237618.0,tire flat,1,0,0,0,0,1
782,000782.jpg,train2017,4,176576.0,dent,1,0,0,1,0,0
783,000783.jpg,train2017,5,190144.0,dent,1,1,0,1,0,0
785,000785.jpg,train2017,4,86882.0,scratch,0,1,1,0,0,0
786,000786.jpg,train2017,1,575676.0,glass shatter,0,0,0,1,0,0
788,000788.jpg,train2017,1,82796.0,lamp broken,0,0,0,0,1,0
791,000791.jpg,train2017,1,141817.0,glass shatter,0,0,0,1,0,0
792,000792.jpg,train2017,6,95035.0,glass shatter,0,1,0,1,0,0
793,000793.jpg,train2017,3,314199.0,glass shatter,0,1,0,1,0,0
794,000794.jpg,train2017,1,378099.0,tire flat,0,0,0,0,0,1
795,000795.jpg,train2017,1,262606.0,tire flat,0,0,0,0,0,1
797,000797.jpg,train2017,2,155800.0,scratch,0,1,0,0,0,0
798,000798.jpg,train2017,1,242460.0,scratch,0,1,0,0,0,0
799,000799.jpg,train2017,1,482656.0,glass shatter,0,0,0,1,0,0
800,000800.jpg,train2017,6,112838.0,dent,1,0,1,0,0,0
801,000801.jpg,train2017,1,237211.0,tire flat,0,0,0,0,0,1
802,000802.jpg,train2017,3,142554.0,lamp broken,1,0,1,0,1,0
803,000803.jpg,train2017,1,245913.0,tire flat,0,0,0,0,0,1
804,000804.jpg,train2017,2,51873.0,tire flat,1,0,0,0,0,1
805,000805.jpg,train2017,3,59468.0,lamp broken,0,1,1,0,1,0
806,000806.jpg,train2017,3,231219.0,lamp broken,1,1,0,0,1,0
807,000807.jpg,train2017,4,47164.0,dent,1,1,0,0,0,0
808,000808.jpg,train2017,3,344779.0,lamp broken,1,0,0,0,1,0
813,000813.jpg,train2017,1,4381.0,scratch,0,1,0,0,0,0
814,000814.jpg,train2017,1,109467.0,scratch,0,1,0,0,0,0
815,000815.jpg,train2017,5,105913.0,lamp broken,1,1,1,0,1,0
816,000816.jpg,train2017,1,47259.0,dent,1,0,0,0,0,0
817,000817.jpg,train2017,4,237539.0,scratch,0,1,0,0,0,0
818,000818.jpg,train2017,3,366242.0,dent,1,1,0,0,0,0
819,000819.jpg,train2017,1,136586.0,dent,1,0,0,0,0,0
820,000820.jpg,train2017,5,86529.0,lamp broken,1,1,1,0,1,0
821,000821.jpg,train2017,6,178149.0,lamp broken,1,1,0,0,1,0
823,000823.jpg,train2017,1,46781.0,scratch,0,1,0,0,0,0
826,000826.jpg,train2017,1,216904.0,tire flat,0,0,0,0,0,1
827,000827.jpg,train2017,1,116149.0,tire flat,0,0,0,0,0,1
828,000828.jpg,train2017,1,92264.0,tire flat,0,0,0,0,0,1
829,000829.jpg,train2017,1,147445.0,tire flat,0,0,0,0,0,1
830,000830.jpg,train2017,1,8298.0,scratch,0,1,0,0,0,0
833,000833.jpg,train2017,5,77264.0,glass shatter,1,0,1,1,0,0
837,000837.jpg,train2017,3,111047.0,scratch,0,1,0,0,0,0
838,000838.jpg,train2017,2,91914.0,scratch,0,1,0,0,0,0
839,000839.jpg,train2017,1,37429.0,scratch,0,1,0,0,0,0
840,000840.jpg,train2017,1,31482.0,scratch,0,1,0,0,0,0
841,000841.jpg,train2017,1,42603.0,scratch,0,1,0,0,0,0
842,000842.jpg,train2017,1,43985.0,scratch,0,1,0,0,0,0
843,000843.jpg,train2017,2,19329.0,scratch,0,1,0,0,0,0
844,000844.jpg,train2017,1,29376.0,scratch,0,1,0,0,0,0
845,000845.jpg,train2017,1,6842.0,crack,0,0,1,0,0,0
846,000846.jpg,train2017,1,2713.0,crack,0,0,1,0,0,0
847,000847.jpg,train2017,1,4614.0,crack,0,0,1,0,0,0
849,000849.jpg,train2017,6,123588.0,dent,1,1,0,0,0,0
850,000850.jpg,train2017,1,264060.0,glass shatter,0,0,0,1,0,0
851,000851.jpg,train2017,1,312517.0,glass shatter,0,0,0,1,0,0
854,000854.jpg,train2017,1,260032.0,glass shatter,0,0,0,1,0,0
855,000855.jpg,train2017,1,330337.0,glass shatter,0,0,0,1,0,0
861,000861.jpg,train2017,1,271964.0,lamp broken,0,0,0,0,1,0
862,000862.jpg,train2017,1,265250.0,lamp broken,0,0,0,0,1,0
863,000863.jpg,train2017,3,109268.0,tire flat,1,1,0,0,0,1
864,000864.jpg,train2017,7,68272.0,scratch,1,1,0,0,1,0
865,000865.jpg,train2017,1,118433.0,dent,1,0,0,0,0,0
866,000866.jpg,train2017,2,116404.0,dent,1,0,0,0,0,0
867,000867.jpg,train2017,4,35828.0,scratch,1,1,1,0,0,0
868,000868.jpg,train2017,3,107627.0,tire flat,1,1,0,0,0,1
870,000870.jpg,train2017,7,166320.0,tire flat,1,1,0,0,0,1
871,000871.jpg,train2017,3,95050.0,dent,1,1,0,0,1,0
872,000872.jpg,train2017,3,71970.0,dent,1,1,0,0,0,0
873,000873.jpg,train2017,1,18595.0,dent,1,0,0,0,0,0
874,000874.jpg,train2017,4,282583.0,dent,1,1,0,0,0,0
877,000877.jpg,train2017,4,111841.0,dent,1,1,0,0,0,0
878,000878.jpg,train2017,4,86100.0,dent,1,1,1,0,0,0
879,000879.jpg,train2017,1,709.0,crack,0,0,1,0,0,0
880,000880.jpg,train2017,2,79753.0,scratch,0,1,1,0,0,0
881,000881.jpg,train2017,3,108609.0,scratch,1,1,0,0,0,0
882,000882.jpg,train2017,6,83374.0,dent,1,1,0,0,0,0
884,000884.jpg,train2017,1,30886.0,crack,0,0,1,0,0,0
885,000885.jpg,train2017,2,39192.0,dent,1,0,0,0,1,0
887,000887.jpg,train2017,1,589259.0,glass shatter,0,0,0,1,0,0
888,000888.jpg,train2017,1,283117.0,glass shatter,0,0,0,1,0,0
893,000893.jpg,train2017,2,126274.0,scratch,0,1,0,0,0,0
894,000894.jpg,train2017,3,31918.0,scratch,0,1,0,0,0,0
895,000895.jpg,train2017,7,128386.0,dent,1,1,1,0,0,0
896,000896.jpg,train2017,5,58922.0,dent,1,1,1,0,0,0
897,000897.jpg,train2017,1,32167.0,dent,1,0,0,0,0,0
898,000898.jpg,train2017,1,45667.0,dent,1,0,0,0,0,0
899,000899.jpg,train2017,3,86922.0,lamp broken,1,0,1,0,1,0
900,000900.jpg,train2017,1,13556.0,scratch,0,1,0,0,0,0
901,000901.jpg,train2017,2,63451.0,scratch,0,1,0,0,0,0
902,000902.jpg,train2017,3,89746.0,lamp broken,1,0,0,0,1,0
903,000903.jpg,train2017,3,79733.0,lamp broken,1,0,0,0,1,0
904,000904.jpg,train2017,5,167622.0,lamp broken,1,1,1,0,1,0
907,000907.jpg,train2017,4,30668.0,lamp broken,1,1,1,0,1,0
908,000908.jpg,train2017,2,114971.0,scratch,0,1,0,0,0,0
911,000911.jpg,train2017,3,60608.0,scratch,0,1,1,0,0,0
912,000912.jpg,train2017,4,74713.0,scratch,1,1,1,0,0,0
913,000913.jpg,train2017,1,28677.0,scratch,0,1,0,0,0,0
915,000915.jpg,train2017,5,34014.0,dent,1,1,0,0,0,0
916,000916.jpg,train2017,1,523422.0,dent,1,0,0,0,0,0
917,000917.jpg,train2017,3,45905.0,glass shatter,1,0,0,1,0,0
918,000918.jpg,train2017,2,291337.0,glass shatter,1,0,0,1,0,0
919,000919.jpg,train2017,2,97217.0,dent,1,1,0,0,0,0
920,000920.jpg,train2017,1,18862.0,dent,1,0,0,0,0,0
921,000921.jpg,train2017,4,92890.0,lamp broken,1,1,0,0,1,0
922,000922.jpg,train2017,2,86660.0,dent,1,0,0,0,0,0
923,000923.jpg,train2017,2,108446.0,dent,1,0,0,0,0,0
924,000924.jpg,train2017,3,139738.0,dent,1,0,1,0,0,0
925,000925.jpg,train2017,2,237941.0,dent,1,0,0,1,0,0
927,000927.jpg,train2017,5,161675.0,dent,1,1,1,0,0,0
936,000936.jpg,train2017,1,265904.0,scratch,0,1,0,0,0,0
937,000937.jpg,train2017,1,239106.0,scratch,0,1,0,0,0,0
938,000938.jpg,train2017,3,132067.0,dent,1,1,0,0,1,0
939,000939.jpg,train2017,5,119028.0,lamp broken,1,1,1,0,1,0
940,000940.jpg,train2017,8,419505.0,lamp broken,1,1,1,0,1,0
941,000941.jpg,train2017,8,189295.0,dent,1,1,1,0,1,0
942,000942.jpg,train2017,1,36876.0,dent,1,0,0,0,0,0
943,000943.jpg,train2017,2,68990.0,lamp broken,1,0,0,0,1,0
944,000944.jpg,train2017,2,117186.0,scratch,0,1,0,0,0,0
945,000945.jpg,train2017,2,165961.0,dent,1,0,0,0,0,0
946,000946.jpg,train2017,1,47916.0,dent,1,0,0,0,0,0
947,000947.jpg,train2017,1,105521.0,tire flat,0,0,0,0,0,1
948,000948.jpg,train2017,1,630626.0,glass shatter,0,0,0,1,0,0
949,000949.jpg,train2017,1,238375.0,lamp broken,0,0,0,0,1,0
951,000951.jpg,train2017,3,104649.0,lamp broken,1,1,0,0,1,0
953,000953.jpg,train2017,2,45845.0,scratch,1,1,0,0,0,0
954,000954.jpg,train2017,1,53431.0,scratch,0,1,0,0,0,0
955,000955.jpg,train2017,4,23971.0,crack,0,1,1,0,0,0
956,000956.jpg,train2017,3,141031.0,glass shatter,1,0,0,1,0,0
959,000959.jpg,train2017,1,303466.0,tire flat,0,0,0,0,0,1
961,000961.jpg,train2017,2,385450.0,glass shatter,0,0,0,1,0,0
962,000962.jpg,train2017,1,334132.0,glass shatter,0,0,0,1,0,0
963,000963.jpg,train2017,4,70553.0,dent,1,0,0,0,0,0
964,000964.jpg,train2017,2,186393.0,glass shatter,0,1,0,1,0,0
966,000966.jpg,train2017,1,145081.0,tire flat,0,0,0,0,0,1
967,000967.jpg,train2017,1,179637.0,tire flat,0,0,0,0,0,1
968,000968.jpg,train2017,1,369500.0,tire flat,0,0,0,0,0,1
973,000973.jpg,train2017,4,254286.0,lamp broken,1,1,1,0,1,0
975,000975.jpg,train2017,5,279205.0,scratch,1,1,1,0,1,0
977,000977.jpg,train2017,1,38602.0,dent,1,0,0,0,0,0
978,000978.jpg,train2017,3,52593.0,scratch,1,1,1,0,0,0
979,000979.jpg,train2017,2,58659.0,dent,1,0,0,0,1,0
980,000980.jpg,train2017,6,173434.0,lamp broken,1,1,0,0,1,0
981,000981.jpg,train2017,6,309477.0,lamp broken,1,1,0,0,1,0
982,000982.jpg,train2017,2,294258.0,dent,1,1,0,0,0,0
983,000983.jpg,train2017,3,102833.0,dent,1,0,1,0,1,0
984,000984.jpg,train2017,1,222465.0,glass shatter,0,0,0,1,0,0
985,000985.jpg,train2017,1,402678.0,glass shatter,0,0,0,1,0,0
986,000986.jpg,train2017,1,211415.0,dent,1,0,0,0,0,0
987,000987.jpg,train2017,2,106602.0,scratch,0,1,0,0,0,0
991,000991.jpg,train2017,2,7106.0,crack,0,0,1,0,0,0
992,000992.jpg,train2017,4,58299.0,scratch,1,1,1,0,0,0
993,000993.jpg,train2017,1,64043.0,scratch,0,1,0,0,0,0
994,000994.jpg,train2017,1,32777.0,dent,1,0,0,0,0,0
995,000995.jpg,train2017,2,203891.0,scratch,1,1,0,0,0,0
997,000997.jpg,train2017,3,138776.0,dent,1,1,0,0,0,0
998,000998.jpg,train2017,1,8509.0,crack,0,0,1,0,0,0
999,000999.jpg,train2017,2,441868.0,lamp broken,1,0,0,0,1,0
1001,001001.jpg,train2017,2,4000.0,dent,1,0,1,0,0,0
1003,001003.jpg,train2017,3,90597.0,scratch,1,1,0,0,0,0
1004,001004.jpg,train2017,3,268910.0,scratch,1,1,0,0,0,0
1005,001005.jpg,train2017,3,204220.0,dent,1,1,0,0,0,0
1009,001009.jpg,train2017,1,356230.0,tire flat,0,0,0,0,0,1
1010,001010.jpg,train2017,1,361479.0,tire flat,0,0,0,0,0,1
1011,001011.jpg,train2017,1,177323.0,tire flat,0,0,0,0,0,1
1012,001012.jpg,train2017,1,326194.0,tire flat,0,0,0,0,0,1
1013,001013.jpg,train2017,1,233963.0,tire flat,0,0,0,0,0,1
1014,001014.jpg,train2017,1,801453.0,tire flat,0,0,0,0,0,1
1015,001015.jpg,train2017,1,288719.0,tire flat,0,0,0,0,0,1
1019,001019.jpg,train2017,1,272048.0,tire flat,0,0,0,0,0,1
1020,001020.jpg,train2017,1,121357.0,tire flat,0,0,0,0,0,1
1021,001021.jpg,train2017,1,192151.0,tire flat,0,0,0,0,0,1
1022,001022.jpg,train2017,1,306387.0,tire flat,0,0,0,0,0,1
1023,001023.jpg,train2017,2,95196.0,tire flat,0,0,0,0,0,1
1027,001027.jpg,train2017,2,309809.0,dent,1,0,0,0,0,0
1028,001028.jpg,train2017,3,14721.0,scratch,0,1,0,0,0,0
1029,001029.jpg,train2017,3,163796.0,dent,1,1,0,0,0,0
1030,001030.jpg,train2017,3,154802.0,dent,1,1,0,0,0,0
1031,001031.jpg,train2017,1,166466.0,glass shatter,0,0,0,1,0,0
1032,001032.jpg,train2017,2,88574.0,tire flat,0,0,1,0,0,1
1033,001033.jpg,train2017,4,176218.0,dent,1,0,1,0,1,0
1034,001034.jpg,train2017,2,37326.0,scratch,0,1,0,0,0,0
1035,001035.jpg,train2017,4,136491.0,dent,1,0,0,0,1,0
1036,001036.jpg,train2017,1,452824.0,glass shatter,0,0,0,1,0,0
1037,001037.jpg,train2017,1,552751.0,glass shatter,0,0,0,1,0,0
1038,001038.jpg,train2017,1,515808.0,tire flat,0,0,0,0,0,1
1041,001041.jpg,train2017,1,60417.0,scratch,0,1,0,0,0,0
1042,001042.jpg,train2017,1,57236.0,scratch,0,1,0,0,0,0
1044,001044.jpg,train2017,1,219652.0,tire flat,0,0,0,0,0,1
1046,001046.jpg,train2017,3,134867.0,dent,1,0,0,0,0,0
1047,001047.jpg,train2017,1,114366.0,dent,1,0,0,0,0,0
1048,001048.jpg,train2017,1,193363.0,tire flat,0,0,0,0,0,1
1049,001049.jpg,train2017,1,290119.0,glass shatter,0,0,0,1,0,0
1050,001050.jpg,train2017,2,71926.0,dent,1,0,0,0,1,0
1051,001051.jpg,train2017,1,4986.0,scratch,0,1,0,0,0,0
1052,001052.jpg,train2017,2,3312.0,scratch,0,1,0,0,0,0
1053,001053.jpg,train2017,1,56945.0,scratch,0,1,0,0,0,0
1054,001054.jpg,train2017,3,31759.0,scratch,1,1,0,0,0,0
1055,001055.jpg,train2017,1,290482.0,tire flat,0,0,0,0,0,1
1056,001056.jpg,train2017,1,213933.0,tire flat,0,0,0,0,0,1
1057,001057.jpg,train2017,1,323377.0,tire flat,0,0,0,0,0,1
1059,001059.jpg,train2017,2,157052.0,tire flat,0,1,0,0,0,1
1064,001064.jpg,train2017,1,72380.0,tire flat,0,0,0,0,0,1
1065,001065.jpg,train2017,1,164923.0,tire flat,0,0,0,0,0,1
1066,001066.jpg,train2017,2,243029.0,tire flat,0,1,0,0,0,1
1067,001067.jpg,train2017,2,171261.0,tire flat,0,0,0,0,0,1
1068,001068.jpg,train2017,1,118482.0,tire flat,0,0,0,0,0,1
1069,001069.jpg,train2017,1,138105.0,tire flat,0,0,0,0,0,1
1070,001070.jpg,train2017,1,276734.0,tire flat,0,0,0,0,0,1
1072,001072.jpg,train2017,1,186828.0,tire flat,0,0,0,0,0,1
1073,001073.jpg,train2017,1,183341.0,tire flat,0,0,0,0,0,1
1074,001074.jpg,train2017,1,379158.0,tire flat,0,0,0,0,0,1
1075,001075.jpg,train2017,1,343742.0,tire flat,0,0,0,0,0,1
1076,001076.jpg,train2017,1,358743.0,tire flat,0,0,0,0,0,1
1077,001077.jpg,train2017,1,232842.0,tire flat,0,0,0,0,0,1
1080,001080.jpg,train2017,1,194332.0,tire flat,0,0,0,0,0,1
1081,001081.jpg,train2017,1,297005.0,tire flat,0,0,0,0,0,1
1082,001082.jpg,train2017,1,208239.0,tire flat,0,0,0,0,0,1
1083,001083.jpg,train2017,1,65098.0,tire flat,0,0,0,0,0,1
1084,001084.jpg,train2017,1,206874.0,tire flat,0,0,0,0,0,1
1085,001085.jpg,train2017,1,309658.0,tire flat,0,0,0,0,0,1
1086,001086.jpg,train2017,1,176250.0,tire flat,0,0,0,0,0,1
1091,001091.jpg,train2017,1,423348.0,tire flat,0,0,0,0,0,1
1092,001092.jpg,train2017,1,354746.0,tire flat,0,0,0,0,0,1
1093,001093.jpg,train2017,1,276682.0,tire flat,0,0,0,0,0,1
1094,001094.jpg,train2017,1,274311.0,tire flat,0,0,0,0,0,1
1095,001095.jpg,train2017,1,276542.0,tire flat,0,0,0,0,0,1
1096,001096.jpg,train2017,1,236153.0,tire flat,0,0,0,0,0,1
1097,001097.jpg,train2017,1,226554.0,tire flat,0,0,0,0,0,1
1101,001101.jpg,train2017,1,263037.0,tire flat,0,0,0,0,0,1
1102,001102.jpg,train2017,1,88500.0,tire flat,0,0,0,0,0,1
1103,001103.jpg,train2017,2,248211.0,tire flat,0,1,0,0,0,1
1104,001104.jpg,train2017,1,399770.0,glass shatter,0,0,0,1,0,0
1106,001106.jpg,train2017,4,53865.0,dent,1,1,0,0,0,0
1107,001107.jpg,train2017,5,184764.0,scratch,1,1,0,0,1,0
1110,001110.jpg,train2017,1,205666.0,scratch,0,1,0,0,0,0
1111,001111.jpg,train2017,5,23718.0,dent,1,0,1,0,0,0
1112,001112.jpg,train2017,2,26895.0,dent,1,1,0,0,0,0
1113,001113.jpg,train2017,3,13834.0,scratch,1,1,0,0,0,0
1114,001114.jpg,train2017,1,15016.0,scratch,0,1,0,0,0,0
1115,001115.jpg,train2017,4,76967.0,dent,1,1,1,0,0,0
1116,001116.jpg,train2017,2,70240.0,scratch,0,1,0,0,0,0
1117,001117.jpg,train2017,1,422626.0,glass shatter,0,0,0,1,0,0
1119,001119.jpg,train2017,5,101351.0,dent,1,1,1,0,0,0
1121,001121.jpg,train2017,4,355462.0,lamp broken,1,1,0,0,1,0
1123,001123.jpg,train2017,4,98151.0,scratch,0,1,1,0,0,0
1125,001125.jpg,train2017,3,155866.0,dent,1,1,0,0,0,0
1126,001126.jpg,train2017,1,49785.0,scratch,0,1,0,0,0,0
1127,001127.jpg,train2017,1,8370.0,scratch,0,1,0,0,0,0
1129,001129.jpg,train2017,2,47890.0,scratch,0,1,0,0,0,0
1132,001132.jpg,train2017,8,120368.0,glass shatter,1,0,1,1,1,0
1133,001133.jpg,train2017,2,113825.0,dent,1,1,0,0,0,0
1136,001136.jpg,train2017,4,281917.0,lamp broken,1,1,0,0,1,0
1137,001137.jpg,train2017,1,213767.0,tire flat,0,0,0,0,0,1
1138,001138.jpg,train2017,1,144552.0,tire flat,0,0,0,0,0,1
1139,001139.jpg,train2017,4,58903.0,dent,1,1,1,0,0,0
1140,001140.jpg,train2017,6,37962.0,dent,1,0,1,0,1,0
1142,001142.jpg,train2017,1,241984.0,tire flat,0,0,0,0,0,1
1143,001143.jpg,train2017,4,54373.0,scratch,0,1,0,0,0,0
1144,001144.jpg,train2017,4,196873.0,lamp broken,1,1,0,0,1,0
1145,001145.jpg,train2017,4,300861.0,lamp broken,1,1,0,0,1,0
1146,001146.jpg,train2017,3,43793.0,lamp broken,1,1,0,0,1,0
1147,001147.jpg,train2017,3,68790.0,dent,1,1,0,0,0,0
1148,001148.jpg,train2017,6,101752.0,dent,1,0,1,0,0,0
1149,001149.jpg,train2017,5,129617.0,dent,1,0,0,0,0,0
1150,001150.jpg,train2017,1,27586.0,scratch,0,1,0,0,0,0
1151,001151.jpg,train2017,2,112135.0,scratch,0,1,0,0,0,0
1153,001153.jpg,train2017,5,101750.0,scratch,0,1,1,0,0,0
1154,001154.jpg,train2017,2,126879.0,dent,1,1,0,0,0,0
1155,001155.jpg,train2017,2,8684.0,scratch,0,1,1,0,0,0
1156,001156.jpg,train2017,2,239020.0,dent,1,1,0,0,0,0
1157,001157.jpg,train2017,2,133478.0,dent,1,1,0,0,0,0
1158,001158.jpg,train2017,1,272579.0,dent,1,0,0,0,0,0
1160,001160.jpg,train2017,1,102784.0,scratch,0,1,0,0,0,0
1161,001161.jpg,train2017,1,129140.0,glass shatter,0,0,0,1,0,0
1162,001162.jpg,train2017,1,386208.0,tire flat,0,0,0,0,0,1
1165,001165.jpg,train2017,1,214036.0,tire flat,0,0,0,0,0,1
1166,001166.jpg,train2017,1,180041.0,tire flat,0,0,0,0,0,1
1167,001167.jpg,train2017,1,135413.0,scratch,0,1,0,0,0,0
1170,001170.jpg,train2017,1,109719.0,lamp broken,0,0,0,0,1,0
1173,001173.jpg,train2017,2,69162.0,scratch,1,1,0,0,0,0
1174,001174.jpg,train2017,1,156789.0,glass shatter,0,0,0,1,0,0
1177,001177.jpg,train2017,2,11066.0,scratch,0,1,0,0,0,0
1178,001178.jpg,train2017,3,19239.0,scratch,1,1,0,0,0,0
1179,001179.jpg,train2017,1,91451.0,scratch,0,1,0,0,0,0
1181,001181.jpg,train2017,1,434603.0,tire flat,0,0,0,0,0,1
1183,001183.jpg,train2017,1,118103.0,tire flat,0,0,0,0,0,1
1184,001184.jpg,train2017,1,226725.0,glass shatter,0,0,0,1,0,0
1186,001186.jpg,train2017,1,231516.0,tire flat,0,0,0,0,0,1
1187,001187.jpg,train2017,1,258648.0,glass shatter,0,0,0,1,0,0
1188,001188.jpg,train2017,1,283579.0,glass shatter,0,0,0,1,0,0
1189,001189.jpg,train2017,1,28157.0,dent,1,0,0,0,0,0
1190,001190.jpg,train2017,2,252637.0,dent,1,0,0,0,0,0
1194,001194.jpg,train2017,1,277434.0,glass shatter,0,0,0,1,0,0
1195,001195.jpg,train2017,1,298679.0,tire flat,0,0,0,0,0,1
1200,001200.jpg,train2017,2,150590.0,tire flat,0,0,0,0,0,1
1201,001201.jpg,train2017,1,328588.0,tire flat,0,0,0,0,0,1
1202,001202.jpg,train2017,1,258142.0,tire flat,0,0,0,0,0,1
1203,001203.jpg,train2017,1,221540.0,tire flat,0,0,0,0,0,1
1204,001204.jpg,train2017,1,122196.0,dent,1,0,0,0,0,0
1205,001205.jpg,train2017,2,247019.0,tire flat,0,1,0,0,0,1
1206,001206.jpg,train2017,2,209579.0,lamp broken,0,1,0,0,1,0
1207,001207.jpg,train2017,1,149910.0,glass shatter,0,0,0,1,0,0
1208,001208.jpg,train2017,1,227915.0,glass shatter,0,0,0,1,0,0
1209,001209.jpg,train2017,2,108177.0,tire flat,0,0,1,0,0,1
1210,001210.jpg,train2017,1,151781.0,tire flat,0,0,0,0,0,1
1211,001211.jpg,train2017,1,48168.0,tire flat,0,0,0,0,0,1
1212,001212.jpg,train2017,1,169817.0,tire flat,0,0,0,0,0,1
1214,001214.jpg,train2017,1,66122.0,tire flat,0,0,0,0,0,1
1218,001218.jpg,train2017,1,257883.0,glass shatter,0,0,0,1,0,0
1220,001220.jpg,train2017,3,177837.0,scratch,0,1,1,0,0,0
1221,001221.jpg,train2017,4,56080.0,dent,1,1,0,0,0,0
1222,001222.jpg,train2017,1,126840.0,glass shatter,0,0,0,1,0,0
1223,001223.jpg,train2017,1,46841.0,scratch,0,1,0,0,0,0
1224,001224.jpg,train2017,3,60132.0,scratch,1,1,0,0,0,0
1225,001225.jpg,train2017,3,165274.0,dent,1,1,0,0,0,0
1226,001226.jpg,train2017,3,30869.0,scratch,0,1,0,0,0,0
1227,001227.jpg,train2017,2,308474.0,dent,1,1,0,0,0,0
1228,001228.jpg,train2017,1,41934.0,scratch,0,1,0,0,0,0
1229,001229.jpg,train2017,2,195642.0,dent,1,0,1,0,0,0
1230,001230.jpg,train2017,2,173045.0,dent,1,0,1,0,0,0
1231,001231.jpg,train2017,3,216860.0,dent,1,0,0,0,0,0
1232,001232.jpg,train2017,2,329343.0,glass shatter,1,0,0,1,0,0
1233,001233.jpg,train2017,1,307848.0,tire flat,0,0,0,0,0,1
1234,001234.jpg,train2017,1,211689.0,tire flat,0,0,0,0,0,1
1235,001235.jpg,train2017,1,26892.0,dent,1,0,0,0,0,0
1237,001237.jpg,train2017,2,2866.0,scratch,0,1,0,0,0,0
1238,001238.jpg,train2017,1,6708.0,crack,0,0,1,0,0,0
1239,001239.jpg,train2017,3,4018.0,crack,0,0,1,0,0,0
1241,001241.jpg,train2017,2,11229.0,scratch,0,1,1,0,0,0
1247,001247.jpg,train2017,2,272127.0,lamp broken,0,0,1,0,1,0
1249,001249.jpg,train2017,4,422530.0,lamp broken,1,0,0,0,1,0
1250,001250.jpg,train2017,1,512837.0,lamp broken,0,0,0,0,1,0
1251,001251.jpg,train2017,1,81273.0,lamp broken,0,0,0,0,1,0
1252,001252.jpg,train2017,2,129650.0,dent,1,1,0,0,0,0
1253,001253.jpg,train2017,3,118088.0,dent,1,0,0,0,0,0
1254,001254.jpg,train2017,1,7468.0,scratch,0,1,0,0,0,0
1255,001255.jpg,train2017,2,74082.0,scratch,0,1,0,0,0,0
1257,001257.jpg,train2017,2,160903.0,scratch,0,1,0,0,0,0
1258,001258.jpg,train2017,1,164450.0,scratch,0,1,0,0,0,0
1261,001261.jpg,train2017,3,320974.0,lamp broken,0,1,0,0,1,0
1262,001262.jpg,train2017,4,282650.0,dent,1,1,0,0,1,0
1264,001264.jpg,train2017,7,273521.0,lamp broken,1,0,1,0,1,0
1265,001265.jpg,train2017,3,99295.0,dent,1,0,0,0,0,0
1266,001266.jpg,train2017,4,194114.0,glass shatter,1,0,0,1,1,0
1271,001271.jpg,train2017,1,79740.0,dent,1,0,0,0,0,0
1274,001274.jpg,train2017,3,182744.0,scratch,0,1,0,0,0,0
1275,001275.jpg,train2017,1,125809.0,tire flat,0,0,0,0,0,1
1276,001276.jpg,train2017,2,21231.0,dent,1,1,0,0,0,0
1277,001277.jpg,train2017,1,138772.0,scratch,0,1,0,0,0,0
1278,001278.jpg,train2017,3,81884.0,dent,1,0,1,0,0,0
1279,001279.jpg,train2017,1,21810.0,dent,1,0,0,0,0,0
1280,001280.jpg,train2017,3,119751.0,scratch,0,1,0,0,0,0
1283,001283.jpg,train2017,2,53606.0,dent,1,0,1,0,0,0
1290,001290.jpg,train2017,1,118190.0,scratch,0,1,0,0,0,0
1291,001291.jpg,train2017,2,106681.0,scratch,0,1,0,0,0,0
1292,001292.jpg,train2017,2,111344.0,scratch,0,1,0,0,0,0
1293,001293.jpg,train2017,1,368042.0,scratch,0,1,0,0,0,0
1294,001294.jpg,train2017,1,63440.0,scratch,0,1,0,0,0,0
1295,001295.jpg,train2017,3,87520.0,scratch,0,1,0,0,0,0
1296,001296.jpg,train2017,3,50288.0,scratch,0,1,0,0,0,0
1297,001297.jpg,train2017,1,14888.0,scratch,0,1,0,0,0,0
1298,001298.jpg,train2017,2,15639.0,scratch,0,1,0,0,0,0
1299,001299.jpg,train2017,1,9953.0,scratch,0,1,0,0,0,0
1300,001300.jpg,train2017,1,51848.0,scratch,0,1,0,0,0,0
1301,001301.jpg,train2017,1,84778.0,scratch,0,1,0,0,0,0
1302,001302.jpg,train2017,2,58312.0,scratch,0,1,0,0,0,0
1303,001303.jpg,train2017,1,15839.0,scratch,0,1,0,0,0,0
1304,001304.jpg,train2017,1,472836.0,dent,1,0,0,0,0,0
1305,001305.jpg,train2017,1,112149.0,scratch,0,1,0,0,0,0
1306,001306.jpg,train2017,2,160893.0,scratch,0,1,0,0,0,0
1309,001309.jpg,train2017,3,91355.0,scratch,0,1,0,0,0,0
1310,001310.jpg,train2017,2,163777.0,scratch,0,1,0,0,0,0
1311,001311.jpg,train2017,1,40694.0,scratch,0,1,0,0,0,0
1312,001312.jpg,train2017,1,20257.0,scratch,0,1,0,0,0,0
1313,001313.jpg,train2017,1,51457.0,scratch,0,1,0,0,0,0
1319,001319.jpg,train2017,3,61934.0,scratch,0,1,0,0,0,0
1320,001320.jpg,train2017,3,65798.0,scratch,0,1,0,0,0,0
1321,001321.jpg,train2017,1,95732.0,scratch,0,1,0,0,0,0
1322,001322.jpg,train2017,1,106676.0,scratch,0,1,0,0,0,0
1323,001323.jpg,train2017,1,57565.0,scratch,0,1,0,0,0,0
1324,001324.jpg,train2017,2,33982.0,scratch,0,1,0,0,0,0
1325,001325.jpg,train2017,2,12067.0,scratch,0,1,0,0,0,0
1326,001326.jpg,train2017,3,39504.0,scratch,0,1,0,0,0,0
1332,001332.jpg,train2017,2,19316.0,dent,1,1,0,0,0,0
1333,001333.jpg,train2017,2,69572.0,scratch,0,1,0,0,0,0
1334,001334.jpg,train2017,1,51316.0,scratch,0,1,0,0,0,0
1335,001335.jpg,train2017,2,48964.0,scratch,0,1,1,0,0,0
1336,001336.jpg,train2017,1,202324.0,scratch,0,1,0,0,0,0
1337,001337.jpg,train2017,2,127056.0,scratch,0,1,0,0,0,0
1338,001338.jpg,train2017,4,281791.0,scratch,1,1,0,0,0,0
1339,001339.jpg,train2017,2,57368.0,scratch,0,1,0,0,0,0
1340,001340.jpg,train2017,1,9119.0,scratch,0,1,0,0,0,0
1342,001342.jpg,train2017,2,37140.0,dent,1,0,0,0,0,0
1343,001343.jpg,train2017,2,195645.0,dent,1,1,0,0,0,0
1344,001344.jpg,train2017,4,19070.0,crack,0,0,1,0,0,0
1346,001346.jpg,train2017,2,82204.0,dent,1,0,0,0,0,0
1347,001347.jpg,train2017,3,23841.0,dent,1,0,0,0,0,0
1348,001348.jpg,train2017,3,28817.0,dent,1,0,0,0,0,0
1349,001349.jpg,train2017,1,100057.0,dent,1,0,0,0,0,0
1350,001350.jpg,train2017,1,62218.0,dent,1,0,0,0,0,0
1351,001351.jpg,train2017,5,133494.0,lamp broken,0,1,1,0,1,0
1352,001352.jpg,train2017,3,272523.0,lamp broken,1,1,0,0,1,0
1353,001353.jpg,train2017,3,110628.0,lamp broken,1,1,0,0,1,0
1354,001354.jpg,train2017,2,80439.0,lamp broken,0,1,0,0,1,0
1355,001355.jpg,train2017,2,93669.0,dent,1,1,0,0,0,0
1356,001356.jpg,train2017,1,99945.0,dent,1,0,0,0,0,0
1357,001357.jpg,train2017,2,9184.0,dent,1,0,0,0,0,0
1359,001359.jpg,train2017,3,15261.0,dent,1,1,1,0,0,0
1360,001360.jpg,train2017,3,42382.0,scratch,0,1,1,0,0,0
1362,001362.jpg,train2017,1,35731.0,scratch,0,1,0,0,0,0
1363,001363.jpg,train2017,1,59961.0,scratch,0,1,0,0,0,0
1364,001364.jpg,train2017,4,53674.0,dent,1,0,0,0,1,0
1365,001365.jpg,train2017,1,169161.0,scratch,0,1,0,0,0,0
1366,001366.jpg,train2017,1,201688.0,scratch,0,1,0,0,0,0
1371,001371.jpg,train2017,4,72784.0,scratch,1,1,1,0,0,0
1376,001376.jpg,train2017,2,110053.0,lamp broken,0,0,1,0,1,0
1377,001377.jpg,train2017,1,522880.0,glass shatter,0,0,0,1,0,0
1378,001378.jpg,train2017,1,334672.0,glass shatter,0,0,0,1,0,0
1380,001380.jpg,train2017,1,403467.0,glass shatter,0,0,0,1,0,0
1381,001381.jpg,train2017,1,311699.0,glass shatter,0,0,0,1,0,0
1382,001382.jpg,train2017,1,515968.0,glass shatter,0,0,0,1,0,0
1383,001383.jpg,train2017,1,230683.0,tire flat,0,0,0,0,0,1
1384,001384.jpg,train2017,3,182942.0,lamp broken,1,1,0,0,1,0
1385,001385.jpg,train2017,2,358027.0,lamp broken,0,1,0,0,1,0
1386,001386.jpg,train2017,4,144658.0,scratch,1,1,0,0,1,0
1387,001387.jpg,train2017,1,396190.0,lamp broken,0,0,0,0,1,0
1388,001388.jpg,train2017,1,136828.0,lamp broken,0,0,0,0,1,0
1389,001389.jpg,train2017,2,140057.0,lamp broken,0,1,0,0,1,0
1390,001390.jpg,train2017,1,197975.0,lamp broken,0,0,0,0,1,0
1391,001391.jpg,train2017,2,56822.0,scratch,0,1,0,0,1,0
1392,001392.jpg,train2017,1,85825.0,lamp broken,0,0,0,0,1,0
1393,001393.jpg,train2017,1,125099.0,lamp broken,0,0,0,0,1,0
1395,001395.jpg,train2017,1,458379.0,lamp broken,0,0,0,0,1,0
1397,001397.jpg,train2017,1,391646.0,tire flat,0,0,0,0,0,1
1399,001399.jpg,train2017,2,68829.0,tire flat,0,0,1,0,0,1
1401,001401.jpg,train2017,1,443244.0,glass shatter,0,0,0,1,0,0
1403,001403.jpg,train2017,1,231382.0,tire flat,0,0,0,0,0,1
1404,001404.jpg,train2017,1,306587.0,tire flat,0,0,0,0,0,1
1405,001405.jpg,train2017,1,356183.0,tire flat,0,0,0,0,0,1
1406,001406.jpg,train2017,1,155672.0,tire flat,0,0,0,0,0,1
1407,001407.jpg,train2017,1,232948.0,tire flat,0,0,0,0,0,1
1408,001408.jpg,train2017,2,188597.0,tire flat,0,1,0,0,0,1
1410,001410.jpg,train2017,2,37397.0,dent,1,1,0,0,0,0
1412,001412.jpg,train2017,2,235808.0,dent,1,1,0,0,0,0
1413,001413.jpg,train2017,1,122030.0,scratch,0,1,0,0,0,0
1414,001414.jpg,train2017,1,301239.0,scratch,0,1,0,0,0,0
1415,001415.jpg,train2017,5,265483.0,scratch,1,1,0,0,0,0
1416,001416.jpg,train2017,1,37870.0,scratch,0,1,0,0,0,0
1417,001417.jpg,train2017,3,308046.0,glass shatter,1,0,0,1,0,0
1418,001418.jpg,train2017,1,129309.0,scratch,0,1,0,0,0,0
1419,001419.jpg,train2017,2,185311.0,lamp broken,1,0,0,0,1,0
1421,001421.jpg,train2017,1,30324.0,scratch,0,1,0,0,0,0
1423,001423.jpg,train2017,1,209066.0,glass shatter,0,0,0,1,0,0
1425,001425.jpg,train2017,1,265235.0,lamp broken,0,0,0,0,1,0
1426,001426.jpg,train2017,1,257739.0,lamp broken,0,0,0,0,1,0
1427,001427.jpg,train2017,9,228866.0,tire flat,1,1,1,0,1,1
1429,001429.jpg,train2017,1,2667.0,scratch,0,1,0,0,0,0
1430,001430.jpg,train2017,1,584825.0,glass shatter,0,0,0,1,0,0
1432,001432.jpg,train2017,3,21026.0,dent,1,0,0,0,0,0
1433,001433.jpg,train2017,1,5923.0,crack,0,0,1,0,0,0
1434,001434.jpg,train2017,2,162488.0,tire flat,0,0,1,0,0,1
1435,001435.jpg,train2017,4,278674.0,dent,1,1,0,0,0,0
1436,001436.jpg,train2017,4,358202.0,dent,1,1,0,0,0,0
1438,001438.jpg,train2017,1,137115.0,tire flat,0,0,0,0,0,1
1439,001439.jpg,train2017,1,169830.0,tire flat,0,0,0,0,0,1
1441,001441.jpg,train2017,4,34425.0,scratch,1,1,1,0,0,0
1443,001443.jpg,train2017,6,107324.0,dent,1,1,1,0,0,0
1444,001444.jpg,train2017,1,199774.0,dent,1,0,0,0,0,0
1446,001446.jpg,train2017,3,164209.0,dent,1,1,0,0,1,0
1447,001447.jpg,train2017,1,1633.0,crack,0,0,1,0,0,0
1448,001448.jpg,train2017,6,170396.0,dent,1,1,1,0,1,0
1449,001449.jpg,train2017,4,75098.0,scratch,0,1,1,0,0,0
1450,001450.jpg,train2017,2,98975.0,dent,1,0,0,0,0,0
1451,001451.jpg,train2017,3,247682.0,lamp broken,1,0,0,0,1,0
1452,001452.jpg,train2017,7,16144.0,crack,0,0,1,0,0,0
1454,001454.jpg,train2017,1,236447.0,dent,1,0,0,0,0,0
1455,001455.jpg,train2017,2,75751.0,lamp broken,1,0,0,0,1,0
1457,001457.jpg,train2017,2,18771.0,scratch,0,1,1,0,0,0
1458,001458.jpg,train2017,4,41261.0,glass shatter,1,0,0,1,1,0
1460,001460.jpg,train2017,4,30632.0,scratch,0,1,0,0,0,0
1461,001461.jpg,train2017,2,118968.0,scratch,0,1,0,0,0,0
1462,001462.jpg,train2017,1,164438.0,scratch,0,1,0,0,0,0
1463,001463.jpg,train2017,1,7889.0,scratch,0,1,0,0,0,0
1464,001464.jpg,train2017,2,18699.0,scratch,0,1,0,0,0,0
1465,001465.jpg,train2017,1,622720.0,scratch,0,1,0,0,0,0
1466,001466.jpg,train2017,2,168945.0,dent,1,0,1,0,0,0
1467,001467.jpg,train2017,1,70752.0,dent,1,0,0,0,0,0
1468,001468.jpg,train2017,3,71360.0,scratch,1,1,0,0,0,0
1469,001469.jpg,train2017,1,68164.0,scratch,0,1,0,0,0,0
1470,001470.jpg,train2017,1,36234.0,scratch,0,1,0,0,0,0
1471,001471.jpg,train2017,1,332075.0,scratch,0,1,0,0,0,0
1472,001472.jpg,train2017,3,150048.0,scratch,1,1,0,0,0,0
1473,001473.jpg,train2017,3,247485.0,dent,1,1,0,0,0,0
1474,001474.jpg,train2017,1,21586.0,scratch,0,1,0,0,0,0
1475,001475.jpg,train2017,1,132612.0,scratch,0,1,0,0,0,0
1476,001476.jpg,train2017,2,23749.0,scratch,0,1,0,0,0,0
1477,001477.jpg,train2017,2,88721.0,scratch,0,1,0,0,0,0
1478,001478.jpg,train2017,2,26544.0,scratch,0,1,0,0,0,0
1479,001479.jpg,train2017,5,180680.0,dent,1,1,1,0,1,0
1480,001480.jpg,train2017,2,178127.0,scratch,1,1,0,0,0,0
1481,001481.jpg,train2017,2,46801.0,dent,1,0,1,0,0,0
1482,001482.jpg,train2017,4,286695.0,dent,1,1,0,0,0,0
1485,001485.jpg,train2017,5,111837.0,scratch,1,1,0,0,0,0
1486,001486.jpg,train2017,5,59866.0,dent,1,1,0,0,0,0
1487,001487.jpg,train2017,4,100887.0,dent,1,1,0,0,0,0
1490,001490.jpg,train2017,5,51845.0,scratch,1,1,1,0,1,0
1491,001491.jpg,train2017,5,94448.0,dent,1,1,1,0,1,0
1492,001492.jpg,train2017,5,53231.0,lamp broken,1,1,1,0,1,0
1495,001495.jpg,train2017,2,349476.0,dent,1,1,0,0,0,0
1496,001496.jpg,train2017,2,348059.0,dent,1,0,0,0,1,0
1497,001497.jpg,train2017,2,276533.0,dent,1,0,0,0,1,0
1498,001498.jpg,train2017,1,103821.0,dent,1,0,0,0,0,0
1499,001499.jpg,train2017,4,68449.0,dent,1,0,1,0,1,0
1500,001500.jpg,train2017,4,278680.0,lamp broken,0,1,0,0,1,0
1501,001501.jpg,train2017,5,161003.0,dent,1,1,0,0,0,0
1503,001503.jpg,train2017,4,89717.0,dent,1,1,0,0,0,0
1508,001508.jpg,train2017,1,101719.0,dent,1,0,0,0,0,0
1509,001509.jpg,train2017,1,64537.0,dent,1,0,0,0,0,0
1510,001510.jpg,train2017,2,118678.0,dent,1,0,0,0,0,0
1512,001512.jpg,train2017,2,169688.0,scratch,0,1,0,0,0,0
1513,001513.jpg,train2017,1,203399.0,dent,1,0,0,0,0,0
1514,001514.jpg,train2017,2,1676.0,crack,0,0,1,0,0,0
1515,001515.jpg,train2017,2,42420.0,scratch,0,1,1,0,0,0
1516,001516.jpg,train2017,1,107597.0,dent,1,0,0,0,0,0
1518,001518.jpg,train2017,2,149879.0,scratch,0,1,0,0,0,0
1519,001519.jpg,train2017,4,176873.0,scratch,0,1,0,0,0,0
1520,001520.jpg,train2017,3,153829.0,lamp broken,1,1,0,0,1,0
1521,001521.jpg,train2017,1,10141.0,dent,1,0,0,0,0,0
1522,001522.jpg,train2017,1,107765.0,dent,1,0,0,0,0,0
1523,001523.jpg,train2017,1,25172.0,dent,1,0,0,0,0,0
1526,001526.jpg,train2017,1,263942.0,dent,1,0,0,0,0,0
1527,001527.jpg,train2017,2,145928.0,dent,1,1,0,0,0,0
1528,001528.jpg,train2017,1,92949.0,dent,1,0,0,0,0,0
1529,001529.jpg,train2017,4,169420.0,lamp broken,1,1,0,0,1,0
1530,001530.jpg,train2017,3,103923.0,dent,1,1,0,0,0,0
1532,001532.jpg,train2017,1,153457.0,dent,1,0,0,0,0,0
1533,001533.jpg,train2017,3,113849.0,scratch,1,1,1,0,0,0
1534,001534.jpg,train2017,4,165476.0,scratch,1,1,1,0,0,0
1535,001535.jpg,train2017,1,40326.0,dent,1,0,0,0,0,0
1544,001544.jpg,train2017,1,115129.0,scratch,0,1,0,0,0,0
1545,001545.jpg,train2017,5,230819.0,dent,1,0,1,0,1,0
1546,001546.jpg,train2017,1,35342.0,dent,1,0,0,0,0,0
1547,001547.jpg,train2017,1,4375.0,scratch,0,1,0,0,0,0
1548,001548.jpg,train2017,2,69330.0,dent,1,0,0,0,0,0
1549,001549.jpg,train2017,1,30947.0,dent,1,0,0,0,0,0
1550,001550.jpg,train2017,1,23304.0,dent,1,0,0,0,0,0
1551,001551.jpg,train2017,1,21242.0,dent,1,0,0,0,0,0
1552,001552.jpg,train2017,1,238265.0,scratch,0,1,0,0,0,0
1553,001553.jpg,train2017,1,95422.0,scratch,0,1,0,0,0,0
1554,001554.jpg,train2017,1,34403.0,scratch,0,1,0,0,0,0
1555,001555.jpg,train2017,1,23458.0,scratch,0,1,0,0,0,0
1556,001556.jpg,train2017,1,78821.0,dent,1,0,0,0,0,0
1557,001557.jpg,train2017,2,47178.0,dent,1,0,0,0,1,0
1561,001561.jpg,train2017,4,101791.0,lamp broken,1,0,0,0,1,0
1564,001564.jpg,train2017,5,82294.0,dent,1,1,1,0,1,0
1565,001565.jpg,train2017,1,52857.0,scratch,0,1,0,0,0,0
1566,001566.jpg,train2017,4,30298.0,dent,1,0,1,0,1,0
1567,001567.jpg,train2017,4,109624.0,lamp broken,1,1,1,0,1,0
1568,001568.jpg,train2017,1,49640.0,dent,1,0,0,0,0,0
1569,001569.jpg,train2017,5,76958.0,dent,1,1,0,0,0,0
1570,001570.jpg,train2017,1,133262.0,dent,1,0,0,0,0,0
1571,001571.jpg,train2017,4,136527.0,scratch,0,1,1,0,0,0
1572,001572.jpg,train2017,2,180349.0,lamp broken,1,0,0,0,1,0
1573,001573.jpg,train2017,2,172679.0,dent,1,0,0,0,1,0
1574,001574.jpg,train2017,2,124674.0,dent,1,0,1,0,0,0
1575,001575.jpg,train2017,2,94418.0,dent,1,0,1,0,0,0
1576,001576.jpg,train2017,3,308298.0,lamp broken,0,1,0,0,1,0
1577,001577.jpg,train2017,1,34308.0,scratch,0,1,0,0,0,0
1578,001578.jpg,train2017,1,90038.0,scratch,0,1,0,0,0,0
1579,001579.jpg,train2017,1,83833.0,scratch,0,1,0,0,0,0
1580,001580.jpg,train2017,1,106694.0,scratch,0,1,0,0,0,0
1581,001581.jpg,train2017,2,102836.0,lamp broken,0,1,0,0,1,0
1584,001584.jpg,train2017,1,199156.0,dent,1,0,0,0,0,0
1585,001585.jpg,train2017,6,213842.0,lamp broken,1,1,1,0,1,0
1586,001586.jpg,train2017,3,199626.0,lamp broken,1,1,0,0,1,0
1590,001590.jpg,train2017,4,19570.0,lamp broken,1,1,1,0,1,0
1591,001591.jpg,train2017,4,28608.0,lamp broken,1,1,1,0,1,0
1592,001592.jpg,train2017,1,195080.0,dent,1,0,0,0,0,0
1593,001593.jpg,train2017,2,200682.0,dent,1,0,0,0,0,0
1597,001597.jpg,train2017,2,112762.0,scratch,1,1,0,0,0,0
1598,001598.jpg,train2017,3,60865.0,dent,1,1,0,0,0,0
1600,001600.jpg,train2017,3,173243.0,scratch,1,1,0,0,0,0
1601,001601.jpg,train2017,2,127307.0,scratch,1,1,0,0,0,0
1602,001602.jpg,train2017,2,36329.0,scratch,0,1,0,0,0,0
1603,001603.jpg,train2017,4,98322.0,scratch,0,1,0,0,0,0
1604,001604.jpg,train2017,2,69859.0,dent,1,1,0,0,0,0
1605,001605.jpg,train2017,1,213047.0,scratch,0,1,0,0,0,0
1606,001606.jpg,train2017,2,28374.0,scratch,0,1,0,0,0,0
1607,001607.jpg,train2017,2,10961.0,scratch,0,1,0,0,0,0
1608,001608.jpg,train2017,2,33602.0,scratch,0,1,0,0,0,0
1609,001609.jpg,train2017,2,211257.0,scratch,0,1,0,0,1,0
1611,001611.jpg,train2017,1,83270.0,scratch,0,1,0,0,0,0
1613,001613.jpg,train2017,1,72093.0,scratch,0,1,0,0,0,0
1615,001615.jpg,train2017,4,85680.0,scratch,1,1,1,0,0,0
1616,001616.jpg,train2017,3,142590.0,dent,1,0,0,0,0,0
1620,001620.jpg,train2017,1,25319.0,scratch,0,1,0,0,0,0
1621,001621.jpg,train2017,2,46332.0,dent,1,1,0,0,0,0
1622,001622.jpg,train2017,2,158504.0,dent,1,1,0,0,0,0
1623,001623.jpg,train2017,2,54813.0,scratch,0,1,0,0,0,0
1624,001624.jpg,train2017,1,68937.0,dent,1,0,0,0,0,0
1625,001625.jpg,train2017,3,215552.0,dent,1,1,0,0,0,0
1626,001626.jpg,train2017,2,141263.0,scratch,0,1,0,0,0,0
1628,001628.jpg,train2017,3,120624.0,dent,1,0,0,0,0,0
1629,001629.jpg,train2017,3,85474.0,dent,1,0,0,0,0,0
1630,001630.jpg,train2017,2,28375.0,dent,1,0,0,0,0,0
1631,001631.jpg,train2017,2,34659.0,dent,1,0,0,0,0,0
1632,001632.jpg,train2017,7,191397.0,scratch,1,1,0,0,0,0
1636,001636.jpg,train2017,2,204367.0,dent,1,1,0,0,0,0
1638,001638.jpg,train2017,1,98639.0,dent,1,0,0,0,0,0
1639,001639.jpg,train2017,1,397630.0,dent,1,0,0,0,0,0
1640,001640.jpg,train2017,2,166789.0,dent,1,0,0,0,0,0
1644,001644.jpg,train2017,4,63505.0,scratch,0,1,1,0,0,0
1645,001645.jpg,train2017,1,14406.0,crack,0,0,1,0,0,0
1646,001646.jpg,train2017,1,42643.0,crack,0,0,1,0,0,0
1647,001647.jpg,train2017,1,69292.0,scratch,0,1,0,0,0,0
1648,001648.jpg,train2017,3,162856.0,scratch,1,1,1,0,0,0
1650,001650.jpg,train2017,5,97711.0,scratch,1,1,1,0,0,0
1651,001651.jpg,train2017,1,58416.0,scratch,0,1,0,0,0,0
1653,001653.jpg,train2017,2,156711.0,scratch,0,1,0,0,1,0
1654,001654.jpg,train2017,2,148285.0,lamp broken,0,1,0,0,1,0
1655,001655.jpg,train2017,3,10365.0,scratch,0,1,1,0,0,0
1656,001656.jpg,train2017,1,398435.0,glass shatter,0,0,0,1,0,0
1657,001657.jpg,train2017,4,111985.0,dent,1,0,0,0,1,0
1658,001658.jpg,train2017,1,392284.0,glass shatter,0,0,0,1,0,0
1659,001659.jpg,train2017,2,117804.0,dent,1,0,0,0,0,0
1662,001662.jpg,train2017,1,53940.0,dent,1,0,0,0,0,0
1663,001663.jpg,train2017,1,43717.0,scratch,0,1,0,0,0,0
1664,001664.jpg,train2017,1,42249.0,scratch,0,1,0,0,0,0
1666,001666.jpg,train2017,3,24345.0,dent,1,1,0,0,0,0
1667,001667.jpg,train2017,4,42279.0,dent,1,1,0,0,0,0
1668,001668.jpg,train2017,3,208453.0,lamp broken,1,1,0,0,1,0
1669,001669.jpg,train2017,1,185668.0,lamp broken,0,0,0,0,1,0
1675,001675.jpg,train2017,2,257543.0,lamp broken,0,1,0,0,1,0
1676,001676.jpg,train2017,4,377242.0,lamp broken,1,1,1,0,1,0
1677,001677.jpg,train2017,1,151153.0,lamp broken,0,0,0,0,1,0
1678,001678.jpg,train2017,1,187171.0,lamp broken,0,0,0,0,1,0
1679,001679.jpg,train2017,1,384221.0,lamp broken,0,0,0,0,1,0
1680,001680.jpg,train2017,3,206038.0,lamp broken,0,1,0,0,1,0
1681,001681.jpg,train2017,1,172338.0,lamp broken,0,0,0,0,1,0
1683,001683.jpg,train2017,1,257716.0,lamp broken,0,0,0,0,1,0
1685,001685.jpg,train2017,1,89600.0,lamp broken,0,0,0,0,1,0
1687,001687.jpg,train2017,1,281763.0,glass shatter,0,0,0,1,0,0
1688,001688.jpg,train2017,2,441282.0,glass shatter,1,0,0,1,0,0
1690,001690.jpg,train2017,2,484340.0,glass shatter,1,0,0,1,0,0
1691,001691.jpg,train2017,1,375307.0,glass shatter,0,0,0,1,0,0
1692,001692.jpg,train2017,2,375765.0,glass shatter,1,0,0,1,0,0
1693,001693.jpg,train2017,1,586826.0,glass shatter,0,0,0,1,0,0
1694,001694.jpg,train2017,1,89781.0,scratch,0,1,0,0,0,0
1695,001695.jpg,train2017,2,47635.0,scratch,0,1,0,0,0,0
1696,001696.jpg,train2017,1,27446.0,scratch,0,1,0,0,0,0
1697,001697.jpg,train2017,1,8410.0,scratch,0,1,0,0,0,0
1698,001698.jpg,train2017,5,95906.0,scratch,0,1,1,0,0,0
1699,001699.jpg,train2017,2,87014.0,scratch,0,1,0,0,0,0
1700,001700.jpg,train2017,2,78929.0,scratch,0,1,1,0,0,0
1703,001703.jpg,train2017,3,106803.0,dent,1,1,0,0,0,0
1705,001705.jpg,train2017,2,172067.0,lamp broken,0,1,0,0,1,0
1706,001706.jpg,train2017,2,291030.0,tire flat,0,1,0,0,0,1
1707,001707.jpg,train2017,3,24209.0,scratch,1,1,1,0,0,0
1708,001708.jpg,train2017,1,36243.0,scratch,0,1,0,0,0,0
1710,001710.jpg,train2017,4,80464.0,dent,1,1,0,0,0,0
1712,001712.jpg,train2017,1,539.0,crack,0,0,1,0,0,0
1713,001713.jpg,train2017,2,174324.0,scratch,1,1,0,0,0,0
1715,001715.jpg,train2017,2,70740.0,dent,1,1,0,0,0,0
1717,001717.jpg,train2017,2,170951.0,dent,1,1,0,0,0,0
1718,001718.jpg,train2017,1,41319.0,dent,1,0,0,0,0,0
1719,001719.jpg,train2017,2,19750.0,scratch,0,1,0,0,0,0
1723,001723.jpg,train2017,1,63329.0,lamp broken,0,0,0,0,1,0
1724,001724.jpg,train2017,4,266005.0,lamp broken,1,1,0,0,1,0
1725,001725.jpg,train2017,4,338540.0,lamp broken,0,1,0,0,1,0
1726,001726.jpg,train2017,1,252346.0,lamp broken,0,0,0,0,1,0
1730,001730.jpg,train2017,5,51996.0,scratch,0,1,1,0,0,0
1731,001731.jpg,train2017,11,75037.0,lamp broken,1,1,1,0,1,0
1732,001732.jpg,train2017,3,188516.0,dent,1,1,1,0,0,0
1733,001733.jpg,train2017,2,80575.0,dent,1,1,0,0,0,0
1734,001734.jpg,train2017,4,49753.0,dent,1,1,1,0,0,0
1735,001735.jpg,train2017,5,32817.0,lamp broken,1,1,1,0,1,0
1736,001736.jpg,train2017,4,82151.0,scratch,1,1,0,0,0,0
1737,001737.jpg,train2017,2,106704.0,scratch,0,1,0,0,0,0
1738,001738.jpg,train2017,2,135208.0,scratch,1,1,0,0,0,0
1739,001739.jpg,train2017,4,101314.0,scratch,1,1,0,0,0,0
1740,001740.jpg,train2017,3,59112.0,scratch,0,1,1,0,0,0
1741,001741.jpg,train2017,2,46263.0,dent,1,0,0,0,0,0
1742,001742.jpg,train2017,1,47134.0,scratch,0,1,0,0,0,0
1743,001743.jpg,train2017,3,222863.0,scratch,1,1,0,0,0,0
1744,001744.jpg,train2017,4,121327.0,scratch,0,1,1,0,0,0
1745,001745.jpg,train2017,3,200619.0,scratch,0,1,0,0,0,0
1749,001749.jpg,train2017,4,22953.0,scratch,0,1,1,0,0,0
1750,001750.jpg,train2017,2,9231.0,scratch,0,1,0,0,0,0
1752,001752.jpg,train2017,2,23937.0,scratch,0,1,0,0,0,0
1753,001753.jpg,train2017,4,158150.0,tire flat,1,1,0,0,0,1
1754,001754.jpg,train2017,4,98806.0,tire flat,1,1,0,0,0,1
1755,001755.jpg,train2017,3,142874.0,tire flat,1,1,0,0,0,1
1756,001756.jpg,train2017,4,401799.0,dent,1,1,0,0,1,0
1757,001757.jpg,train2017,3,187708.0,lamp broken,0,1,0,0,1,0
1758,001758.jpg,train2017,2,331826.0,dent,1,1,0,0,0,0
1760,001760.jpg,train2017,3,111617.0,lamp broken,0,1,0,0,1,0
1761,001761.jpg,train2017,1,72625.0,dent,1,0,0,0,0,0
1762,001762.jpg,train2017,1,88334.0,dent,1,0,0,0,0,0
1763,001763.jpg,train2017,2,5236.0,crack,0,0,1,0,0,0
1764,001764.jpg,train2017,1,47079.0,scratch,0,1,0,0,0,0
1765,001765.jpg,train2017,1,138536.0,scratch,0,1,0,0,0,0
1766,001766.jpg,train2017,1,84382.0,scratch,0,1,0,0,0,0
1767,001767.jpg,train2017,1,347372.0,scratch,0,1,0,0,0,0
1769,001769.jpg,train2017,2,346866.0,lamp broken,0,1,0,0,1,0
1773,001773.jpg,train2017,3,90557.0,lamp broken,1,0,0,0,1,0
1774,001774.jpg,train2017,2,57054.0,dent,1,1,0,0,0,0
1775,001775.jpg,train2017,6,149464.0,scratch,1,1,0,0,0,0
1776,001776.jpg,train2017,6,201751.0,scratch,1,1,0,0,0,0
1777,001777.jpg,train2017,8,194023.0,scratch,1,1,0,0,0,0
1778,001778.jpg,train2017,3,168130.0,scratch,0,1,0,0,0,0
1779,001779.jpg,train2017,2,105012.0,dent,1,1,0,0,0,0
1780,001780.jpg,train2017,6,170898.0,scratch,1,1,0,0,0,0
1781,001781.jpg,train2017,3,276861.0,scratch,0,1,0,0,0,0
1782,001782.jpg,train2017,6,85520.0,scratch,0,1,0,0,0,0
1783,001783.jpg,train2017,1,129840.0,scratch,0,1,0,0,0,0
1784,001784.jpg,train2017,1,99808.0,scratch,0,1,0,0,0,0
1785,001785.jpg,train2017,1,66498.0,scratch,0,1,0,0,0,0
1786,001786.jpg,train2017,3,135943.0,dent,1,1,0,0,0,0
1787,001787.jpg,train2017,5,266144.0,scratch,1,1,0,0,0,0
1788,001788.jpg,train2017,5,127712.0,dent,1,1,0,0,0,0
1789,001789.jpg,train2017,1,97032.0,scratch,0,1,0,0,0,0
1790,001790.jpg,train2017,2,9697.0,scratch,0,1,0,0,0,0
1791,001791.jpg,train2017,4,86861.0,scratch,0,1,0,0,0,0
1792,001792.jpg,train2017,2,18560.0,scratch,1,1,0,0,0,0
1793,001793.jpg,train2017,1,106624.0,dent,1,0,0,0,0,0
1795,001795.jpg,train2017,2,69750.0,scratch,0,1,0,0,0,0
1796,001796.jpg,train2017,3,71971.0,lamp broken,0,0,1,0,1,0
1797,001797.jpg,train2017,5,266733.0,dent,1,1,0,0,0,0
1798,001798.jpg,train2017,6,222419.0,dent,1,1,0,0,0,0
1801,001801.jpg,train2017,11,251925.0,dent,1,1,0,0,0,0
1803,001803.jpg,train2017,6,224309.0,lamp broken,1,0,1,0,1,0
1804,001804.jpg,train2017,6,281165.0,lamp broken,1,1,0,0,1,0
1805,001805.jpg,train2017,1,183244.0,dent,1,0,0,0,0,0
1806,001806.jpg,train2017,7,190384.0,dent,1,1,1,0,0,0
1807,001807.jpg,train2017,1,153237.0,dent,1,0,0,0,0,0
1808,001808.jpg,train2017,4,142711.0,dent,1,1,1,0,1,0
1813,001813.jpg,train2017,4,224002.0,scratch,1,1,0,0,0,0
1814,001814.jpg,train2017,4,150810.0,scratch,0,1,0,0,0,0
1816,001816.jpg,train2017,3,28468.0,scratch,0,1,0,0,0,0
1817,001817.jpg,train2017,1,5827.0,scratch,0,1,0,0,0,0
1818,001818.jpg,train2017,2,113828.0,dent,1,0,1,0,0,0
1819,001819.jpg,train2017,4,449481.0,dent,1,1,0,0,0,0
1821,001821.jpg,train2017,3,539247.0,dent,1,0,1,0,0,0
1824,001824.jpg,train2017,3,27473.0,scratch,1,1,0,0,0,0
1826,001826.jpg,train2017,1,118322.0,scratch,0,1,0,0,0,0
1827,001827.jpg,train2017,2,99969.0,dent,1,0,0,0,0,0
1828,001828.jpg,train2017,2,250117.0,dent,1,1,0,0,0,0
1829,001829.jpg,train2017,5,269521.0,scratch,1,1,0,0,0,0
1830,001830.jpg,train2017,1,173688.0,dent,1,0,0,0,0,0
1831,001831.jpg,train2017,1,41247.0,dent,1,0,0,0,0,0
1833,001833.jpg,train2017,1,119034.0,dent,1,0,0,0,0,0
1834,001834.jpg,train2017,1,98578.0,dent,1,0,0,0,0,0
1835,001835.jpg,train2017,1,26246.0,dent,1,0,0,0,0,0
1836,001836.jpg,train2017,1,75896.0,dent,1,0,0,0,0,0
1839,001839.jpg,train2017,2,129237.0,dent,1,0,0,0,0,0
1840,001840.jpg,train2017,2,52861.0,dent,1,0,0,0,0,0
1841,001841.jpg,train2017,4,129864.0,dent,1,0,0,0,0,0
1842,001842.jpg,train2017,2,81488.0,dent,1,0,0,0,0,0
1851,001851.jpg,train2017,1,50734.0,dent,1,0,0,0,0,0
1854,001854.jpg,train2017,1,47963.0,dent,1,0,0,0,0,0
1857,001857.jpg,train2017,4,23979.0,scratch,0,1,0,0,0,0
1858,001858.jpg,train2017,4,39682.0,scratch,0,1,0,0,0,0
1859,001859.jpg,train2017,1,95867.0,scratch,0,1,0,0,0,0
1860,001860.jpg,train2017,1,145952.0,dent,1,0,0,0,0,0
1861,001861.jpg,train2017,2,1013.0,crack,0,0,1,0,0,0
1862,001862.jpg,train2017,2,143143.0,scratch,1,1,0,0,0,0
1863,001863.jpg,train2017,2,81088.0,dent,1,1,0,0,0,0
1864,001864.jpg,train2017,9,93141.0,lamp broken,1,1,1,0,1,0
1865,001865.jpg,train2017,4,143583.0,scratch,1,1,0,0,0,0
1866,001866.jpg,train2017,4,53697.0,scratch,1,1,1,0,0,0
1867,001867.jpg,train2017,1,215159.0,scratch,0,1,0,0,0,0
1868,001868.jpg,train2017,3,81158.0,dent,1,1,0,0,0,0
1869,001869.jpg,train2017,4,62371.0,dent,1,1,0,0,0,0
1870,001870.jpg,train2017,4,63077.0,dent,1,1,0,0,0,0
1871,001871.jpg,train2017,3,67750.0,dent,1,1,0,0,0,0
1872,001872.jpg,train2017,3,197666.0,dent,1,1,1,0,0,0
1873,001873.jpg,train2017,3,324132.0,dent,1,1,0,0,0,0
1875,001875.jpg,train2017,5,281895.0,dent,1,1,1,0,0,0
1876,001876.jpg,train2017,6,191588.0,dent,1,1,1,0,1,0
1877,001877.jpg,train2017,5,413174.0,dent,1,1,1,0,1,0
1878,001878.jpg,train2017,3,418622.0,dent,1,1,0,0,0,0
1881,001881.jpg,train2017,1,149328.0,dent,1,0,0,0,0,0
1882,001882.jpg,train2017,1,283327.0,dent,1,0,0,0,0,0
1883,001883.jpg,train2017,3,109437.0,scratch,0,1,0,0,0,0
1884,001884.jpg,train2017,1,127797.0,dent,1,0,0,0,0,0
1886,001886.jpg,train2017,5,77481.0,scratch,1,1,1,0,1,0
1887,001887.jpg,train2017,3,342051.0,scratch,0,1,0,0,0,0
1889,001889.jpg,train2017,3,115392.0,lamp broken,0,1,0,0,1,0
1891,001891.jpg,train2017,4,141522.0,lamp broken,1,1,1,0,1,0
1892,001892.jpg,train2017,4,115763.0,lamp broken,1,1,0,0,1,0
1893,001893.jpg,train2017,5,115190.0,lamp broken,1,1,1,0,1,0
1894,001894.jpg,train2017,6,166312.0,scratch,1,1,1,0,1,0
1895,001895.jpg,train2017,7,233323.0,scratch,1,1,1,0,1,0
1896,001896.jpg,train2017,4,119183.0,dent,1,1,0,0,1,0
1897,001897.jpg,train2017,5,66660.0,scratch,1,1,1,0,0,0
1898,001898.jpg,train2017,5,69075.0,lamp broken,1,0,1,0,1,0
1901,001901.jpg,train2017,1,2023.0,crack,0,0,1,0,0,0
1902,001902.jpg,train2017,6,284959.0,dent,1,1,0,0,0,0
1903,001903.jpg,train2017,2,271828.0,glass shatter,1,0,0,1,0,0
1904,001904.jpg,train2017,1,404528.0,glass shatter,0,0,0,1,0,0
1905,001905.jpg,train2017,3,117398.0,scratch,0,1,0,0,0,0
1906,001906.jpg,train2017,2,112806.0,scratch,0,1,0,0,0,0
1907,001907.jpg,train2017,1,4174.0,scratch,0,1,0,0,0,0
1908,001908.jpg,train2017,2,135107.0,scratch,0,1,0,0,0,0
1913,001913.jpg,train2017,3,145891.0,dent,1,0,0,0,1,0
1914,001914.jpg,train2017,5,136297.0,lamp broken,1,1,0,0,1,0
1915,001915.jpg,train2017,4,240120.0,lamp broken,1,0,0,0,1,0
1916,001916.jpg,train2017,3,71898.0,lamp broken,1,0,0,0,1,0
1918,001918.jpg,train2017,1,70730.0,dent,1,0,0,0,0,0
1919,001919.jpg,train2017,1,10734.0,crack,0,0,1,0,0,0
1920,001920.jpg,train2017,2,42574.0,scratch,0,1,0,0,0,0
1921,001921.jpg,train2017,2,13572.0,scratch,0,1,0,0,0,0
1922,001922.jpg,train2017,2,169159.0,dent,1,1,0,0,0,0
1923,001923.jpg,train2017,2,60499.0,dent,1,1,0,0,0,0
1924,001924.jpg,train2017,1,38994.0,scratch,0,1,0,0,0,0
1925,001925.jpg,train2017,1,69099.0,scratch,0,1,0,0,0,0
1928,001928.jpg,train2017,1,95791.0,dent,1,0,0,0,0,0
1929,001929.jpg,train2017,3,130354.0,dent,1,0,0,0,0,0
1930,001930.jpg,train2017,2,194378.0,dent,1,0,0,0,0,0
1931,001931.jpg,train2017,4,191066.0,dent,1,0,1,0,0,0
1932,001932.jpg,train2017,1,12844.0,scratch,0,1,0,0,0,0
1935,001935.jpg,train2017,1,25735.0,dent,1,0,0,0,0,0
1936,001936.jpg,train2017,3,81604.0,dent,1,1,0,0,0,0
1938,001938.jpg,train2017,2,83364.0,dent,1,1,0,0,0,0
1941,001941.jpg,train2017,2,209139.0,dent,1,0,0,0,0,0
1942,001942.jpg,train2017,3,303250.0,dent,1,1,0,0,0,0
1943,001943.jpg,train2017,1,339357.0,dent,1,0,0,0,0,0
1948,001948.jpg,train2017,7,138108.0,lamp broken,1,1,1,0,1,0
1949,001949.jpg,train2017,4,7256.0,crack,0,0,1,0,0,0
1950,001950.jpg,train2017,3,3641.0,crack,0,0,1,0,0,0
1951,001951.jpg,train2017,5,256755.0,dent,1,0,1,0,1,0
1952,001952.jpg,train2017,2,50649.0,dent,1,1,0,0,0,0
1953,001953.jpg,train2017,2,155786.0,dent,1,1,0,0,0,0
1954,001954.jpg,train2017,3,239435.0,dent,1,1,0,0,1,0
1955,001955.jpg,train2017,1,6382.0,scratch,0,1,0,0,0,0
1956,001956.jpg,train2017,2,329095.0,lamp broken,0,1,0,0,1,0
1957,001957.jpg,train2017,1,72258.0,dent,1,0,0,0,0,0
1958,001958.jpg,train2017,2,50272.0,dent,1,1,0,0,0,0
1959,001959.jpg,train2017,2,76736.0,scratch,0,1,0,0,0,0
1960,001960.jpg,train2017,3,274869.0,dent,1,1,1,0,0,0
1961,001961.jpg,train2017,3,286586.0,dent,1,0,0,0,0,0
1964,001964.jpg,train2017,7,297110.0,dent,1,1,1,0,0,0
1965,001965.jpg,train2017,2,79594.0,scratch,1,1,0,0,0,0
1966,001966.jpg,train2017,1,190898.0,dent,1,0,0,0,0,0
1969,001969.jpg,train2017,1,222268.0,glass shatter,0,0,0,1,0,0
1970,001970.jpg,train2017,2,7632.0,scratch,0,1,0,0,0,0
1971,001971.jpg,train2017,3,324116.0,scratch,1,1,0,0,0,0
1972,001972.jpg,train2017,3,371015.0,scratch,1,1,0,0,0,0
1973,001973.jpg,train2017,1,1540.0,crack,0,0,1,0,0,0
1975,001975.jpg,train2017,3,373815.0,lamp broken,1,1,0,0,1,0
1976,001976.jpg,train2017,5,220138.0,dent,1,1,0,0,0,0
1977,001977.jpg,train2017,7,263596.0,lamp broken,1,1,1,0,1,0
1978,001978.jpg,train2017,12,101283.0,lamp broken,1,1,1,0,1,0
1983,001983.jpg,train2017,5,282326.0,scratch,1,1,0,0,0,0
1985,001985.jpg,train2017,2,1403.0,crack,0,0,1,0,0,0
1986,001986.jpg,train2017,2,5346.0,crack,0,0,1,0,0,0
1987,001987.jpg,train2017,3,18186.0,dent,1,1,0,0,0,0
1988,001988.jpg,train2017,1,5900.0,scratch,0,1,0,0,0,0
1989,001989.jpg,train2017,2,254536.0,scratch,0,1,0,0,0,0
1990,001990.jpg,train2017,2,9855.0,dent,1,1,0,0,0,0
1991,001991.jpg,train2017,4,41278.0,dent,1,1,1,0,0,0
1992,001992.jpg,train2017,1,219789.0,scratch,0,1,0,0,0,0
1995,001995.jpg,train2017,5,55819.0,dent,1,1,1,0,1,0
1996,001996.jpg,train2017,7,115731.0,lamp broken,1,1,1,0,1,0
1998,001998.jpg,train2017,9,179194.0,dent,1,1,1,0,0,0
1999,001999.jpg,train2017,2,30438.0,scratch,0,1,0,0,0,0
2000,002000.jpg,train2017,2,32149.0,scratch,0,1,1,0,0,0
2002,002002.jpg,train2017,4,133548.0,dent,1,1,0,0,1,0
2003,002003.jpg,train2017,3,69318.0,dent,1,1,0,0,1,0
2004,002004.jpg,train2017,1,139595.0,dent,1,0,0,0,0,0
2005,002005.jpg,train2017,4,30814.0,dent,1,1,0,0,0,0
2008,002008.jpg,train2017,8,477108.0,dent,1,1,0,0,1,0
2010,002010.jpg,train2017,5,142826.0,dent,1,1,0,0,0,0
2013,002013.jpg,train2017,1,198600.0,scratch,0,1,0,0,0,0
2017,002017.jpg,train2017,3,141888.0,scratch,0,1,0,0,0,0
2018,002018.jpg,train2017,3,38792.0,scratch,0,1,0,0,0,0
2019,002019.jpg,train2017,2,480297.0,scratch,0,1,0,0,0,0
2020,002020.jpg,train2017,2,167806.0,scratch,0,1,0,0,0,1
2021,002021.jpg,train2017,1,5373.0,dent,1,0,0,0,0,0
2022,002022.jpg,train2017,2,53379.0,dent,1,0,0,0,0,0
2023,002023.jpg,train2017,2,119809.0,dent,1,0,0,0,0,0
2024,002024.jpg,train2017,5,63260.0,scratch,1,1,1,0,0,0
2025,002025.jpg,train2017,3,220173.0,dent,1,0,0,0,1,0
2026,002026.jpg,train2017,3,172918.0,lamp broken,1,0,0,0,1,0
2027,002027.jpg,train2017,2,50343.0,dent,1,1,0,0,0,0
2028,002028.jpg,train2017,3,56622.0,scratch,0,1,1,0,0,0
2029,002029.jpg,train2017,1,10720.0,scratch,0,1,0,0,0,0
2030,002030.jpg,train2017,4,37226.0,dent,1,0,1,0,0,0
2031,002031.jpg,train2017,3,76052.0,dent,1,0,1,0,0,0
2032,002032.jpg,train2017,1,50834.0,dent,1,0,0,0,0,0
2033,002033.jpg,train2017,2,58728.0,scratch,0,1,0,0,0,0
2034,002034.jpg,train2017,1,111735.0,scratch,0,1,0,0,0,0
2037,002037.jpg,train2017,3,224048.0,dent,1,0,0,0,1,0
2038,002038.jpg,train2017,5,97364.0,lamp broken,1,1,1,0,1,0
2039,002039.jpg,train2017,3,43346.0,dent,1,1,1,0,0,0
2040,002040.jpg,train2017,1,55902.0,dent,1,0,0,0,0,0
2041,002041.jpg,train2017,1,19909.0,dent,1,0,0,0,0,0
2042,002042.jpg,train2017,1,28379.0,dent,1,0,0,0,0,0
2043,002043.jpg,train2017,2,33911.0,dent,1,1,0,0,0,0
2044,002044.jpg,train2017,1,308416.0,dent,1,0,0,0,0,0
2047,002047.jpg,train2017,1,59990.0,scratch,0,1,0,0,0,0
2048,002048.jpg,train2017,2,5638.0,scratch,0,1,0,0,0,0
2049,002049.jpg,train2017,3,33385.0,dent,1,1,0,0,0,0
2050,002050.jpg,train2017,1,115839.0,scratch,0,1,0,0,0,0
2051,002051.jpg,train2017,1,37963.0,scratch,0,1,0,0,0,0
2052,002052.jpg,train2017,1,55724.0,scratch,0,1,0,0,0,0
2053,002053.jpg,train2017,1,28039.0,scratch,0,1,0,0,0,0
2054,002054.jpg,train2017,3,31903.0,scratch,0,1,0,0,0,0
2055,002055.jpg,train2017,1,54999.0,scratch,0,1,0,0,0,0
2058,002058.jpg,train2017,3,124876.0,scratch,0,1,0,0,0,0
2059,002059.jpg,train2017,3,242971.0,scratch,0,1,0,0,0,0
2060,002060.jpg,train2017,1,37782.0,scratch,0,1,0,0,0,0
2061,002061.jpg,train2017,1,71715.0,scratch,0,1,0,0,0,0
2067,002067.jpg,train2017,5,92799.0,lamp broken,0,0,1,0,1,0
2068,002068.jpg,train2017,2,322623.0,lamp broken,1,0,0,0,1,0
2069,002069.jpg,train2017,2,36750.0,dent,1,0,0,0,0,0
2071,002071.jpg,train2017,3,134724.0,dent,1,1,0,0,0,0
2074,002074.jpg,train2017,5,100488.0,dent,1,1,0,0,0,0
2075,002075.jpg,train2017,2,97069.0,dent,1,1,0,0,0,0
2077,002077.jpg,train2017,2,30073.0,scratch,0,1,0,0,0,0
2078,002078.jpg,train2017,3,26249.0,scratch,0,1,0,0,0,0
2079,002079.jpg,train2017,1,278706.0,scratch,0,1,0,0,0,0
2080,002080.jpg,train2017,3,100032.0,dent,1,1,0,0,0,0
2081,002081.jpg,train2017,3,88441.0,dent,1,1,0,0,0,0
2082,002082.jpg,train2017,1,117657.0,scratch,0,1,0,0,0,0
2084,002084.jpg,train2017,4,74848.0,lamp broken,1,1,0,0,1,0
2085,002085.jpg,train2017,2,143629.0,lamp broken,1,0,0,0,1,0
2089,002089.jpg,train2017,1,17808.0,scratch,0,1,0,0,0,0
2097,002097.jpg,train2017,7,64591.0,scratch,1,1,0,0,0,0
2099,002099.jpg,train2017,3,265753.0,scratch,0,1,1,0,0,0
2100,002100.jpg,train2017,1,78354.0,scratch,0,1,0,0,0,0
2101,002101.jpg,train2017,4,126499.0,scratch,0,1,1,0,0,0
2103,002103.jpg,train2017,1,32245.0,scratch,0,1,0,0,0,0
2104,002104.jpg,train2017,3,176360.0,scratch,1,1,0,0,0,0
2105,002105.jpg,train2017,1,52093.0,scratch,0,1,0,0,0,0
2106,002106.jpg,train2017,2,74675.0,scratch,0,1,0,0,0,0
2107,002107.jpg,train2017,3,288560.0,lamp broken,1,1,0,0,1,0
2108,002108.jpg,train2017,2,228198.0,scratch,0,1,0,0,0,0
2109,002109.jpg,train2017,1,28211.0,scratch,0,1,0,0,0,0
2110,002110.jpg,train2017,2,36408.0,scratch,0,1,0,0,0,0
2111,002111.jpg,train2017,3,136412.0,dent,1,1,0,0,0,0
2112,002112.jpg,train2017,1,150604.0,scratch,0,1,0,0,0,0
2113,002113.jpg,train2017,3,116892.0,dent,1,1,0,0,0,0
2114,002114.jpg,train2017,4,125049.0,dent,1,1,0,0,0,0
2116,002116.jpg,train2017,2,54469.0,dent,1,0,0,0,0,0
2117,002117.jpg,train2017,2,103281.0,dent,1,0,0,0,0,0
2118,002118.jpg,train2017,3,77995.0,dent,1,1,0,0,0,0
2119,002119.jpg,train2017,2,51344.0,dent,1,0,0,0,0,0
2120,002120.jpg,train2017,4,397891.0,scratch,1,1,0,0,1,0
2121,002121.jpg,train2017,8,72380.0,scratch,0,1,1,0,0,0
2122,002122.jpg,train2017,2,218405.0,lamp broken,1,0,0,0,1,0
2123,002123.jpg,train2017,4,83829.0,dent,1,1,0,0,1,0
2124,002124.jpg,train2017,2,43191.0,dent,1,1,0,0,0,0
2127,002127.jpg,train2017,2,14005.0,dent,1,1,0,0,0,0
2131,002131.jpg,train2017,5,54941.0,scratch,0,1,0,0,0,0
2132,002132.jpg,train2017,2,5889.0,scratch,0,1,0,0,0,0
2133,002133.jpg,train2017,2,8339.0,scratch,0,1,0,0,0,0
2134,002134.jpg,train2017,1,12763.0,dent,1,0,0,0,0,0
2135,002135.jpg,train2017,1,5833.0,scratch,0,1,0,0,0,0
2136,002136.jpg,train2017,1,9990.0,scratch,0,1,0,0,0,0
2137,002137.jpg,train2017,2,7451.0,scratch,0,1,0,0,0,0
2142,002142.jpg,train2017,6,131266.0,dent,1,1,0,0,0,0
2143,002143.jpg,train2017,1,89977.0,dent,1,0,0,0,0,0
2144,002144.jpg,train2017,2,140273.0,scratch,1,1,0,0,0,0
2145,002145.jpg,train2017,1,18256.0,dent,1,0,0,0,0,0
2146,002146.jpg,train2017,2,100672.0,scratch,0,1,0,0,0,0
2147,002147.jpg,train2017,5,64097.0,dent,1,1,0,0,0,0
2148,002148.jpg,train2017,5,181023.0,dent,1,1,0,0,0,0
2149,002149.jpg,train2017,1,28959.0,scratch,0,1,0,0,0,0
2150,002150.jpg,train2017,6,198477.0,lamp broken,1,1,0,0,1,0
2157,002157.jpg,train2017,1,13087.0,dent,1,0,0,0,0,0
2158,002158.jpg,train2017,3,197441.0,dent,1,0,0,0,0,0
2159,002159.jpg,train2017,1,140922.0,dent,1,0,0,0,0,0
2160,002160.jpg,train2017,4,163064.0,dent,1,1,0,0,0,0
2161,002161.jpg,train2017,1,144520.0,scratch,0,1,0,0,0,0
2162,002162.jpg,train2017,4,207474.0,lamp broken,1,0,0,0,1,0
2165,002165.jpg,train2017,1,114562.0,scratch,0,1,0,0,0,0
2166,002166.jpg,train2017,3,52204.0,scratch,0,1,1,0,0,0
2167,002167.jpg,train2017,1,30200.0,scratch,0,1,0,0,0,0
2168,002168.jpg,train2017,2,396381.0,scratch,1,1,0,0,0,0
2173,002173.jpg,train2017,2,404657.0,scratch,0,1,0,0,0,0
2174,002174.jpg,train2017,1,125470.0,scratch,0,1,0,0,0,0
2175,002175.jpg,train2017,1,12053.0,scratch,0,1,0,0,0,0
2177,002177.jpg,train2017,2,169264.0,scratch,1,1,0,0,0,0
2179,002179.jpg,train2017,2,21058.0,dent,1,1,0,0,0,0
2180,002180.jpg,train2017,2,261394.0,scratch,0,1,0,0,0,0
2181,002181.jpg,train2017,2,47162.0,dent,1,1,0,0,0,0
2183,002183.jpg,train2017,1,37101.0,dent,1,0,0,0,0,0
2184,002184.jpg,train2017,2,119221.0,dent,1,0,1,0,0,0
2185,002185.jpg,train2017,3,243983.0,scratch,1,1,0,0,0,0
2186,002186.jpg,train2017,3,157608.0,dent,1,1,0,0,0,0
2187,002187.jpg,train2017,2,120879.0,dent,1,0,1,0,0,0
2188,002188.jpg,train2017,1,58267.0,dent,1,0,0,0,0,0
2191,002191.jpg,train2017,3,33407.0,scratch,0,1,0,0,0,0
2192,002192.jpg,train2017,3,18069.0,scratch,0,1,0,0,0,0
2193,002193.jpg,train2017,1,6838.0,scratch,0,1,0,0,0,0
2196,002196.jpg,train2017,1,36891.0,dent,1,0,0,0,0,0
2198,002198.jpg,train2017,1,230605.0,dent,1,0,0,0,0,0
2201,002201.jpg,train2017,4,75170.0,dent,1,1,0,0,1,0
2207,002207.jpg,train2017,2,23952.0,scratch,0,1,0,0,0,0
2208,002208.jpg,train2017,1,72233.0,dent,1,0,0,0,0,0
2209,002209.jpg,train2017,2,201831.0,scratch,0,1,0,0,0,0
2210,002210.jpg,train2017,2,575104.0,scratch,0,1,0,0,0,0
2211,002211.jpg,train2017,1,30414.0,scratch,0,1,0,0,0,0
2212,002212.jpg,train2017,4,139073.0,lamp broken,1,0,1,0,1,0
2214,002214.jpg,train2017,4,72268.0,lamp broken,1,0,1,0,1,0
2217,002217.jpg,train2017,2,92812.0,dent,1,1,0,0,0,0
2218,002218.jpg,train2017,4,75530.0,dent,1,1,0,0,0,0
2219,002219.jpg,train2017,1,55878.0,dent,1,0,0,0,0,0
2220,002220.jpg,train2017,3,155184.0,scratch,1,1,0,0,0,0
2221,002221.jpg,train2017,1,9835.0,dent,1,0,0,0,0,0
2222,002222.jpg,train2017,4,67574.0,scratch,1,1,0,0,0,0
2223,002223.jpg,train2017,6,499764.0,scratch,1,1,0,0,0,0
2224,002224.jpg,train2017,3,201181.0,scratch,1,1,0,0,0,0
2225,002225.jpg,train2017,1,510526.0,scratch,0,1,0,0,0,0
2226,002226.jpg,train2017,1,192188.0,scratch,0,1,0,0,0,0
2227,002227.jpg,train2017,1,47953.0,scratch,0,1,0,0,0,0
2228,002228.jpg,train2017,3,157819.0,scratch,0,1,0,0,0,0
2229,002229.jpg,train2017,2,123516.0,scratch,0,1,0,0,0,0
2230,002230.jpg,train2017,2,480442.0,dent,1,1,0,0,0,0
2231,002231.jpg,train2017,4,479450.0,dent,1,1,0,0,0,0
2232,002232.jpg,train2017,4,428854.0,dent,1,1,0,0,0,0
2233,002233.jpg,train2017,1,262496.0,scratch,0,1,0,0,0,0
2234,002234.jpg,train2017,3,97819.0,scratch,0,1,0,0,0,0
2236,002236.jpg,train2017,5,319481.0,scratch,1,1,0,0,0,0
2237,002237.jpg,train2017,1,19266.0,scratch,0,1,0,0,0,0
2238,002238.jpg,train2017,1,11682.0,scratch,0,1,0,0,0,0
2239,002239.jpg,train2017,3,146933.0,scratch,0,1,0,0,0,0
2242,002242.jpg,train2017,3,100242.0,dent,1,1,1,0,0,0
2243,002243.jpg,train2017,1,292400.0,lamp broken,0,0,0,0,1,0
2245,002245.jpg,train2017,7,478848.0,scratch,1,1,0,0,0,0
2246,002246.jpg,train2017,4,85708.0,scratch,1,1,0,0,0,0
2247,002247.jpg,train2017,3,18931.0,dent,1,1,1,0,0,0
2248,002248.jpg,train2017,1,113299.0,dent,1,0,0,0,0,0
2249,002249.jpg,train2017,4,43627.0,scratch,1,1,0,0,0,0
2250,002250.jpg,train2017,4,247840.0,tire flat,1,1,0,0,1,1
2251,002251.jpg,train2017,4,56062.0,scratch,1,1,1,0,0,0
2253,002253.jpg,train2017,4,106329.0,dent,1,1,1,0,0,0
2256,002256.jpg,train2017,4,76714.0,scratch,0,1,0,0,0,0
2257,002257.jpg,train2017,3,58626.0,scratch,0,1,1,0,0,0
2258,002258.jpg,train2017,1,53624.0,scratch,0,1,0,0,0,0
2259,002259.jpg,train2017,1,96489.0,scratch,0,1,0,0,0,0
2260,002260.jpg,train2017,1,61846.0,scratch,0,1,0,0,0,0
2261,002261.jpg,train2017,1,131107.0,scratch,0,1,0,0,0,0
2263,002263.jpg,train2017,2,69298.0,lamp broken,0,0,1,0,1,0
2264,002264.jpg,train2017,2,152314.0,lamp broken,0,0,1,0,1,0
2265,002265.jpg,train2017,2,8674.0,crack,0,0,1,0,0,0
2266,002266.jpg,train2017,1,608260.0,glass shatter,0,0,0,1,0,0
2271,002271.jpg,train2017,7,156879.0,dent,1,1,1,0,1,0
2273,002273.jpg,train2017,5,207075.0,dent,1,1,1,0,1,0
2274,002274.jpg,train2017,2,305506.0,lamp broken,1,0,0,0,1,0
2277,002277.jpg,train2017,5,137025.0,dent,1,0,1,0,1,0
2281,002281.jpg,train2017,4,89899.0,dent,1,1,0,0,0,0
2282,002282.jpg,train2017,1,30385.0,dent,1,0,0,0,0,0
2283,002283.jpg,train2017,1,16604.0,dent,1,0,0,0,0,0
2284,002284.jpg,train2017,4,28083.0,scratch,0,1,0,0,0,0
2285,002285.jpg,train2017,4,195714.0,dent,1,1,0,0,1,0
2286,002286.jpg,train2017,1,40936.0,scratch,0,1,0,0,0,0
2287,002287.jpg,train2017,7,15759.0,dent,1,0,1,0,0,0
2288,002288.jpg,train2017,5,137695.0,dent,1,1,0,0,1,0
2289,002289.jpg,train2017,1,176844.0,scratch,0,1,0,0,0,0
2290,002290.jpg,train2017,3,133083.0,dent,1,0,0,0,0,0
2291,002291.jpg,train2017,4,128850.0,dent,1,0,1,0,0,0
2292,002292.jpg,train2017,1,55044.0,dent,1,0,0,0,0,0
2293,002293.jpg,train2017,2,94363.0,scratch,0,1,0,0,0,0
2295,002295.jpg,train2017,3,183614.0,lamp broken,1,1,0,0,1,0
2296,002296.jpg,train2017,2,105107.0,lamp broken,0,1,0,0,1,0
2300,002300.jpg,train2017,6,195719.0,dent,1,1,0,0,0,0
2301,002301.jpg,train2017,4,158916.0,dent,1,1,0,0,0,0
2302,002302.jpg,train2017,4,86235.0,dent,1,1,0,0,0,0
2303,002303.jpg,train2017,4,133341.0,dent,1,1,1,0,1,0
2304,002304.jpg,train2017,1,230721.0,dent,1,0,0,0,0,0
2305,002305.jpg,train2017,2,99788.0,dent,1,0,0,0,0,0
2306,002306.jpg,train2017,3,62776.0,scratch,0,1,0,0,0,0
2308,002308.jpg,train2017,2,222902.0,dent,1,0,0,0,1,0
2309,002309.jpg,train2017,4,280139.0,tire flat,1,1,0,0,0,1
2310,002310.jpg,train2017,3,205762.0,glass shatter,1,0,0,1,0,0
2311,002311.jpg,train2017,2,28954.0,scratch,0,1,1,0,0,0
2312,002312.jpg,train2017,2,85460.0,scratch,0,1,0,0,0,0
2313,002313.jpg,train2017,1,50238.0,dent,1,0,0,0,0,0
2317,002317.jpg,train2017,3,241333.0,scratch,0,1,0,0,0,0
2318,002318.jpg,train2017,1,173320.0,dent,1,0,0,0,0,0
2319,002319.jpg,train2017,2,46909.0,scratch,0,1,0,0,0,0
2320,002320.jpg,train2017,2,218113.0,dent,1,1,0,0,0,0
2321,002321.jpg,train2017,2,146044.0,dent,1,1,0,0,0,0
2322,002322.jpg,train2017,1,20008.0,dent,1,0,0,0,0,0
2323,002323.jpg,train2017,3,79598.0,scratch,1,1,1,0,0,0
2324,002324.jpg,train2017,2,532614.0,scratch,1,1,0,0,0,0
2327,002327.jpg,train2017,2,75972.0,scratch,1,1,0,0,0,0
2328,002328.jpg,train2017,2,57066.0,dent,1,0,0,0,0,0
2329,002329.jpg,train2017,2,50445.0,dent,1,0,0,0,0,0
2334,002334.jpg,train2017,2,135330.0,dent,1,0,0,0,0,0
2335,002335.jpg,train2017,2,98691.0,dent,1,0,1,0,0,0
2336,002336.jpg,train2017,1,88899.0,dent,1,0,0,0,0,0
2337,002337.jpg,train2017,3,53954.0,dent,1,1,1,0,0,0
2339,002339.jpg,train2017,4,136105.0,dent,1,1,1,0,0,0
2340,002340.jpg,train2017,2,37135.0,dent,1,1,0,0,0,0
2341,002341.jpg,train2017,2,40382.0,dent,1,0,1,0,0,0
2344,002344.jpg,train2017,2,341985.0,lamp broken,0,1,0,0,1,0
2347,002347.jpg,train2017,1,33394.0,dent,1,0,0,0,0,0
2348,002348.jpg,train2017,3,199699.0,dent,1,1,0,0,0,0
2349,002349.jpg,train2017,3,37636.0,lamp broken,1,0,1,0,1,0
2350,002350.jpg,train2017,4,34830.0,dent,1,0,0,0,0,0
2352,002352.jpg,train2017,4,236325.0,dent,1,1,1,0,1,0
2353,002353.jpg,train2017,5,100923.0,dent,1,0,1,0,1,0
2354,002354.jpg,train2017,3,359672.0,lamp broken,1,1,0,0,1,0
2355,002355.jpg,train2017,5,36160.0,dent,1,1,1,0,0,0
2357,002357.jpg,train2017,1,101104.0,dent,1,0,0,0,0,0
2360,002360.jpg,train2017,3,181032.0,scratch,1,1,1,0,0,0
2362,002362.jpg,train2017,2,171495.0,lamp broken,1,0,0,0,1,0
2364,002364.jpg,train2017,4,173520.0,dent,1,1,0,0,0,0
2365,002365.jpg,train2017,5,339197.0,dent,1,1,0,0,0,0
2366,002366.jpg,train2017,1,53833.0,scratch,0,1,0,0,0,0
2367,002367.jpg,train2017,4,32582.0,dent,1,1,1,0,0,0
2368,002368.jpg,train2017,2,5740.0,scratch,0,1,1,0,0,0
2369,002369.jpg,train2017,4,329772.0,lamp broken,1,1,1,0,1,0
2370,002370.jpg,train2017,1,47632.0,scratch,0,1,0,0,0,0
2371,002371.jpg,train2017,1,251892.0,dent,1,0,0,0,0,0
2372,002372.jpg,train2017,2,167364.0,scratch,0,1,1,0,0,0
2373,002373.jpg,train2017,1,10784.0,scratch,0,1,0,0,0,0
2374,002374.jpg,train2017,3,100656.0,scratch,0,1,1,0,0,0
2375,002375.jpg,train2017,1,102712.0,scratch,0,1,0,0,0,0
2376,002376.jpg,train2017,2,97663.0,scratch,0,1,0,0,0,0
2377,002377.jpg,train2017,2,68539.0,lamp broken,1,0,0,0,1,0
2378,002378.jpg,train2017,3,68535.0,dent,1,1,0,0,0,1
2379,002379.jpg,train2017,3,200551.0,dent,1,1,0,0,0,0
2383,002383.jpg,train2017,1,120586.0,scratch,0,1,0,0,0,0
2384,002384.jpg,train2017,3,122380.0,dent,1,0,0,0,0,0
2386,002386.jpg,train2017,3,409072.0,lamp broken,1,1,0,0,1,0
2387,002387.jpg,train2017,3,89923.0,scratch,0,1,0,0,0,0
2388,002388.jpg,train2017,8,280232.0,lamp broken,1,1,1,0,1,0
2390,002390.jpg,train2017,6,229191.0,dent,1,1,0,0,0,0
2391,002391.jpg,train2017,2,17978.0,scratch,0,1,0,0,0,0
2392,002392.jpg,train2017,2,119377.0,scratch,0,1,0,0,0,0
2394,002394.jpg,train2017,6,93349.0,lamp broken,0,1,1,0,1,0
2395,002395.jpg,train2017,1,145386.0,dent,1,0,0,0,0,0
2396,002396.jpg,train2017,1,315895.0,dent,1,0,0,0,0,0
2397,002397.jpg,train2017,1,43122.0,dent,1,0,0,0,0,0
2398,002398.jpg,train2017,1,133438.0,dent,1,0,0,0,0,0
2399,002399.jpg,train2017,2,81253.0,dent,1,1,0,0,0,0
2400,002400.jpg,train2017,1,88751.0,dent,1,0,0,0,0,0
2401,002401.jpg,train2017,1,143496.0,dent,1,0,0,0,0,0
2402,002402.jpg,train2017,1,127483.0,dent,1,0,0,0,0,0
2403,002403.jpg,train2017,1,38511.0,dent,1,0,0,0,0,0
2404,002404.jpg,train2017,1,7915.0,scratch,0,1,0,0,0,0
2405,002405.jpg,train2017,2,28013.0,scratch,0,1,0,0,0,0
2406,002406.jpg,train2017,1,3174.0,scratch,0,1,0,0,0,0
2413,002413.jpg,train2017,1,68676.0,dent,1,0,0,0,0,0
2414,002414.jpg,train2017,1,126976.0,scratch,0,1,0,0,0,0
2415,002415.jpg,train2017,1,123095.0,dent,1,0,0,0,0,0
2416,002416.jpg,train2017,4,106297.0,scratch,0,1,0,0,0,0
2417,002417.jpg,train2017,1,80723.0,dent,1,0,0,0,0,0
2418,002418.jpg,train2017,1,59302.0,dent,1,0,0,0,0,0
2419,002419.jpg,train2017,1,91569.0,dent,1,0,0,0,0,0
2420,002420.jpg,train2017,1,32157.0,dent,1,0,0,0,0,0
2421,002421.jpg,train2017,2,473074.0,lamp broken,0,1,0,0,1,0
2424,002424.jpg,train2017,1,435485.0,glass shatter,0,0,0,1,0,0
2425,002425.jpg,train2017,1,586275.0,glass shatter,0,0,0,1,0,0
2426,002426.jpg,train2017,1,493776.0,glass shatter,0,0,0,1,0,0
2428,002428.jpg,train2017,4,114048.0,dent,1,1,0,0,1,0
2429,002429.jpg,train2017,2,271785.0,dent,1,0,0,0,1,0
2430,002430.jpg,train2017,1,33108.0,dent,1,0,0,0,0,0
2431,002431.jpg,train2017,1,149871.0,dent,1,0,0,0,0,0
2432,002432.jpg,train2017,1,133872.0,dent,1,0,0,0,0,0
2433,002433.jpg,train2017,2,287968.0,dent,1,1,0,0,0,0
2434,002434.jpg,train2017,3,75076.0,dent,1,1,0,0,0,0
2435,002435.jpg,train2017,3,70779.0,scratch,1,1,0,0,0,0
2436,002436.jpg,train2017,1,63039.0,dent,1,0,0,0,0,0
2437,002437.jpg,train2017,1,55480.0,dent,1,0,0,0,0,0
2438,002438.jpg,train2017,1,110062.0,dent,1,0,0,0,0,0
2443,002443.jpg,train2017,1,445319.0,dent,1,0,0,0,0,0
2444,002444.jpg,train2017,1,192859.0,glass shatter,0,0,0,1,0,0
2445,002445.jpg,train2017,3,221871.0,glass shatter,1,0,0,1,0,0
2446,002446.jpg,train2017,2,139637.0,glass shatter,1,0,0,1,0,0
2447,002447.jpg,train2017,2,76446.0,dent,1,0,0,0,0,0
2450,002450.jpg,train2017,3,103529.0,dent,1,1,0,0,0,0
2451,002451.jpg,train2017,3,171834.0,dent,1,1,0,0,0,0
2453,002453.jpg,train2017,5,68763.0,dent,1,1,1,0,0,0
2454,002454.jpg,train2017,1,91090.0,lamp broken,0,0,0,0,1,0
2455,002455.jpg,train2017,1,107559.0,dent,1,0,0,0,0,0
2456,002456.jpg,train2017,1,95247.0,dent,1,0,0,0,0,0
2457,002457.jpg,train2017,2,91334.0,dent,1,1,0,0,0,0
2458,002458.jpg,train2017,1,148312.0,dent,1,0,0,0,0,0
2459,002459.jpg,train2017,2,222339.0,dent,1,0,1,0,0,0
2460,002460.jpg,train2017,1,139854.0,dent,1,0,0,0,0,0
2464,002464.jpg,train2017,2,322538.0,lamp broken,1,0,0,0,1,0
2465,002465.jpg,train2017,1,127796.0,dent,1,0,0,0,0,0
2466,002466.jpg,train2017,2,138108.0,dent,1,0,0,0,0,0
2469,002469.jpg,train2017,3,135970.0,lamp broken,1,1,0,0,1,0
2470,002470.jpg,train2017,2,64271.0,scratch,0,1,0,0,0,0
2471,002471.jpg,train2017,2,336818.0,dent,1,0,0,0,0,0
2472,002472.jpg,train2017,2,17930.0,dent,1,0,1,0,0,0
2473,002473.jpg,train2017,1,62811.0,dent,1,0,0,0,0,0
2474,002474.jpg,train2017,2,310863.0,dent,1,1,0,0,0,0
2476,002476.jpg,train2017,3,214436.0,dent,1,1,0,0,0,0
2477,002477.jpg,train2017,1,62536.0,dent,1,0,0,0,0,0
2478,002478.jpg,train2017,1,39567.0,dent,1,0,0,0,0,0
2479,002479.jpg,train2017,1,34433.0,dent,1,0,0,0,0,0
2480,002480.jpg,train2017,1,20058.0,dent,1,0,0,0,0,0
2482,002482.jpg,train2017,2,227624.0,scratch,0,1,1,0,0,0
2484,002484.jpg,train2017,1,83220.0,dent,1,0,0,0,0,0
2485,002485.jpg,train2017,2,355417.0,dent,1,1,0,0,0,0
2487,002487.jpg,train2017,1,184731.0,dent,1,0,0,0,0,0
2489,002489.jpg,train2017,1,106312.0,dent,1,0,0,0,0,0
2490,002490.jpg,train2017,3,53260.0,dent,1,1,0,0,0,0
2492,002492.jpg,train2017,2,516757.0,scratch,0,1,0,0,0,0
2493,002493.jpg,train2017,3,8363.0,dent,1,1,0,0,0,0
2494,002494.jpg,train2017,4,15539.0,dent,1,1,0,0,0,0
2495,002495.jpg,train2017,4,241955.0,dent,1,1,0,0,0,0
2496,002496.jpg,train2017,5,309272.0,dent,1,1,0,0,0,0
2497,002497.jpg,train2017,2,35916.0,dent,1,0,0,0,0,0
2499,002499.jpg,train2017,3,84939.0,dent,1,1,0,0,0,0
2500,002500.jpg,train2017,1,57249.0,dent,1,0,0,0,0,0
2501,002501.jpg,train2017,4,68983.0,dent,1,1,0,0,0,0
2504,002504.jpg,train2017,3,137696.0,dent,1,1,0,0,0,0
2505,002505.jpg,train2017,6,204387.0,tire flat,1,1,1,0,0,1
2506,002506.jpg,train2017,4,185280.0,dent,1,1,0,0,0,0
2507,002507.jpg,train2017,5,355379.0,scratch,1,1,0,0,0,0
2510,002510.jpg,train2017,1,2724.0,scratch,0,1,0,0,0,0
2511,002511.jpg,train2017,2,117488.0,tire flat,0,1,0,0,0,1
2512,002512.jpg,train2017,1,291612.0,dent,1,0,0,0,0,0
2513,002513.jpg,train2017,2,258807.0,scratch,1,1,0,0,0,0
2518,002518.jpg,train2017,2,24592.0,scratch,1,1,0,0,0,0
2519,002519.jpg,train2017,1,132038.0,dent,1,0,0,0,0,0
2520,002520.jpg,train2017,1,69992.0,dent,1,0,0,0,0,0
2522,002522.jpg,train2017,1,17078.0,scratch,0,1,0,0,0,0
2523,002523.jpg,train2017,1,314083.0,scratch,0,1,0,0,0,0
2524,002524.jpg,train2017,1,50187.0,dent,1,0,0,0,0,0
2525,002525.jpg,train2017,3,22578.0,scratch,1,1,0,0,0,0
2526,002526.jpg,train2017,3,115975.0,dent,1,1,0,0,0,0
2527,002527.jpg,train2017,2,87867.0,dent,1,0,0,0,0,0
2528,002528.jpg,train2017,4,163958.0,dent,1,0,1,0,0,0
2529,002529.jpg,train2017,3,225247.0,dent,1,0,1,0,0,0
2530,002530.jpg,train2017,3,33817.0,scratch,1,1,0,0,0,0
2531,002531.jpg,train2017,3,130674.0,dent,1,0,0,0,0,0
2532,002532.jpg,train2017,2,147885.0,dent,1,0,0,0,0,0
2533,002533.jpg,train2017,3,33193.0,dent,1,0,1,0,0,0
2535,002535.jpg,train2017,3,79608.0,scratch,0,1,0,0,0,0
2538,002538.jpg,train2017,7,136346.0,scratch,1,1,1,0,0,0
2539,002539.jpg,train2017,4,244324.0,dent,1,0,0,0,0,0
2540,002540.jpg,train2017,2,208675.0,dent,1,0,0,0,0,0
2541,002541.jpg,train2017,1,53574.0,dent,1,0,0,0,0,0
2542,002542.jpg,train2017,1,19729.0,dent,1,0,0,0,0,0
2543,002543.jpg,train2017,1,31404.0,dent,1,0,0,0,0,0
2544,002544.jpg,train2017,1,16205.0,dent,1,0,0,0,0,0
2548,002548.jpg,train2017,1,313762.0,tire flat,0,0,0,0,0,1
2549,002549.jpg,train2017,3,38481.0,scratch,0,1,0,0,0,0
2550,002550.jpg,train2017,2,62709.0,scratch,1,1,0,0,0,0
2551,002551.jpg,train2017,1,3515.0,crack,0,0,1,0,0,0
2554,002554.jpg,train2017,4,10043.0,crack,0,0,1,0,0,0
2555,002555.jpg,train2017,1,26558.0,crack,0,0,1,0,0,0
2556,002556.jpg,train2017,2,45948.0,crack,0,0,1,0,0,0
2557,002557.jpg,train2017,3,17154.0,crack,0,0,1,0,0,0
2558,002558.jpg,train2017,1,16612.0,crack,0,0,1,0,0,0
2559,002559.jpg,train2017,2,142650.0,dent,1,1,0,0,0,0
2560,002560.jpg,train2017,2,5715.0,dent,1,0,1,0,0,0
2563,002563.jpg,train2017,2,87034.0,scratch,0,1,0,0,0,0
2564,002564.jpg,train2017,1,86249.0,scratch,0,1,0,0,0,0
2565,002565.jpg,train2017,1,2596.0,crack,0,0,1,0,0,0
2566,002566.jpg,train2017,1,2524.0,crack,0,0,1,0,0,0
2569,002569.jpg,train2017,4,76228.0,dent,1,1,0,0,0,0
2570,002570.jpg,train2017,1,1002.0,crack,0,0,1,0,0,0
2572,002572.jpg,train2017,2,4687.0,crack,0,0,1,0,0,0
2574,002574.jpg,train2017,4,61355.0,lamp broken,1,1,0,0,1,0
2576,002576.jpg,train2017,8,129357.0,dent,1,1,1,0,1,0
2578,002578.jpg,train2017,2,1651.0,crack,0,0,1,0,0,0
2580,002580.jpg,train2017,3,80422.0,dent,1,1,0,0,0,0
2581,002581.jpg,train2017,2,9319.0,scratch,0,1,1,0,0,0
2582,002582.jpg,train2017,2,102274.0,dent,1,1,0,0,0,0
2583,002583.jpg,train2017,2,118205.0,scratch,0,1,0,0,0,0
2584,002584.jpg,train2017,2,13477.0,dent,1,1,0,0,0,0
2585,002585.jpg,train2017,2,15265.0,dent,1,1,0,0,0,0
2586,002586.jpg,train2017,8,113858.0,dent,1,1,1,0,0,0
2587,002587.jpg,train2017,9,78586.0,dent,1,1,1,0,0,0
2588,002588.jpg,train2017,2,44202.0,dent,1,0,1,0,0,0
2589,002589.jpg,train2017,2,216312.0,scratch,0,1,0,0,1,0
2591,002591.jpg,train2017,2,35516.0,dent,1,1,0,0,0,0
2592,002592.jpg,train2017,2,159025.0,scratch,0,1,0,0,0,0
2593,002593.jpg,train2017,4,152654.0,lamp broken,1,0,1,0,1,0
2594,002594.jpg,train2017,4,104510.0,dent,1,1,0,0,0,0
2595,002595.jpg,train2017,3,126317.0,dent,1,1,0,0,0,0
2596,002596.jpg,train2017,3,66045.0,dent,1,1,0,0,0,0
2598,002598.jpg,train2017,6,109029.0,scratch,1,1,1,0,0,0
2599,002599.jpg,train2017,3,59935.0,scratch,0,1,0,0,0,0
2600,002600.jpg,train2017,4,275808.0,lamp broken,1,1,0,0,1,0
2607,002607.jpg,train2017,3,215881.0,scratch,0,1,0,0,0,0
2608,002608.jpg,train2017,3,95631.0,dent,1,1,0,0,0,0
2610,002610.jpg,train2017,3,25806.0,dent,1,1,0,0,0,0
2611,002611.jpg,train2017,2,42596.0,dent,1,1,0,0,0,0
2614,002614.jpg,train2017,2,56711.0,dent,1,1,0,0,0,0
2615,002615.jpg,train2017,1,207962.0,scratch,0,1,0,0,0,0
2616,002616.jpg,train2017,2,40681.0,scratch,0,1,0,0,0,0
2617,002617.jpg,train2017,4,90433.0,scratch,1,1,0,0,0,0
2618,002618.jpg,train2017,2,59198.0,scratch,0,1,0,0,0,0
2619,002619.jpg,train2017,5,123423.0,dent,1,1,1,0,0,1
2620,002620.jpg,train2017,2,392406.0,dent,1,1,0,0,0,0
2622,002622.jpg,train2017,4,40416.0,dent,1,0,1,0,1,0
2623,002623.jpg,train2017,1,175648.0,dent,1,0,0,0,0,0
2626,002626.jpg,train2017,3,124994.0,scratch,0,1,1,0,1,0
2634,002634.jpg,train2017,1,108961.0,dent,1,0,0,0,0,0
2635,002635.jpg,train2017,1,158090.0,dent,1,0,0,0,0,0
2638,002638.jpg,train2017,5,12936.0,scratch,0,1,1,0,0,0
2639,002639.jpg,train2017,2,1741.0,crack,0,0,1,0,0,0
2640,002640.jpg,train2017,1,110055.0,dent,1,0,0,0,0,0
2641,002641.jpg,train2017,1,192654.0,dent,1,0,0,0,0,0
2642,002642.jpg,train2017,1,87515.0,dent,1,0,0,0,0,0
2643,002643.jpg,train2017,1,105426.0,dent,1,0,0,0,0,0
2644,002644.jpg,train2017,1,46148.0,dent,1,0,0,0,0,0
2645,002645.jpg,train2017,1,128307.0,dent,1,0,0,0,0,0
2648,002648.jpg,train2017,4,289142.0,dent,1,1,0,0,0,0
2649,002649.jpg,train2017,1,72882.0,dent,1,0,0,0,0,0
2650,002650.jpg,train2017,1,78608.0,dent,1,0,0,0,0,0
2651,002651.jpg,train2017,2,110805.0,dent,1,1,0,0,0,0
2652,002652.jpg,train2017,1,134468.0,dent,1,0,0,0,0,0
2653,002653.jpg,train2017,1,53403.0,dent,1,0,0,0,0,0
2657,002657.jpg,train2017,6,203903.0,scratch,1,1,1,0,0,0
2658,002658.jpg,train2017,3,133222.0,dent,1,1,0,0,0,0
2659,002659.jpg,train2017,2,77625.0,dent,1,0,0,0,0,0
2660,002660.jpg,train2017,1,39592.0,dent,1,0,0,0,0,0
2666,002666.jpg,train2017,1,127484.0,scratch,0,1,0,0,0,0
2668,002668.jpg,train2017,1,72128.0,dent,1,0,0,0,0,0
2669,002669.jpg,train2017,1,2367.0,crack,0,0,1,0,0,0
2670,002670.jpg,train2017,1,27441.0,scratch,0,1,0,0,0,0
2671,002671.jpg,train2017,4,40147.0,dent,1,1,0,0,0,0
2672,002672.jpg,train2017,2,96502.0,scratch,0,1,0,0,0,0
2673,002673.jpg,train2017,3,121507.0,scratch,0,1,0,0,0,0
2674,002674.jpg,train2017,1,24216.0,scratch,0,1,0,0,0,0
2675,002675.jpg,train2017,3,34215.0,scratch,1,1,0,0,0,0
2676,002676.jpg,train2017,2,48239.0,scratch,0,1,0,0,0,0
2677,002677.jpg,train2017,3,48379.0,scratch,0,1,0,0,0,0
2678,002678.jpg,train2017,1,62146.0,scratch,0,1,0,0,0,0
2679,002679.jpg,train2017,3,39796.0,scratch,0,1,0,0,0,0
2680,002680.jpg,train2017,3,215763.0,scratch,1,1,1,0,0,0
2681,002681.jpg,train2017,2,234159.0,dent,1,0,0,0,0,0
2683,002683.jpg,train2017,3,134182.0,dent,1,1,0,0,0,0
2684,002684.jpg,train2017,2,123889.0,dent,1,1,0,0,0,0
2686,002686.jpg,train2017,2,13763.0,dent,1,1,0,0,0,0
2687,002687.jpg,train2017,1,42160.0,dent,1,0,0,0,0,0
2688,002688.jpg,train2017,2,25734.0,scratch,0,1,0,0,0,0
2689,002689.jpg,train2017,3,68140.0,scratch,1,1,0,0,0,0
2690,002690.jpg,train2017,1,114117.0,dent,1,0,0,0,0,0
2691,002691.jpg,train2017,2,25380.0,scratch,0,1,0,0,0,0
2692,002692.jpg,train2017,2,19679.0,scratch,0,1,0,0,0,0
2693,002693.jpg,train2017,1,23684.0,dent,1,0,0,0,0,0
2696,002696.jpg,train2017,1,113813.0,scratch,0,1,0,0,0,0
2697,002697.jpg,train2017,3,79193.0,lamp broken,1,0,1,0,1,0
2698,002698.jpg,train2017,5,148561.0,lamp broken,1,1,0,0,1,0
2699,002699.jpg,train2017,2,111232.0,dent,1,0,0,0,1,0
2700,002700.jpg,train2017,1,132418.0,dent,1,0,0,0,0,0
2701,002701.jpg,train2017,3,120301.0,dent,1,1,0,0,0,0
2702,002702.jpg,train2017,1,296746.0,scratch,0,1,0,0,0,0
2703,002703.jpg,train2017,3,153731.0,scratch,0,1,0,0,0,0
2704,002704.jpg,train2017,3,67360.0,scratch,0,1,0,0,0,0
2705,002705.jpg,train2017,1,38117.0,scratch,0,1,0,0,0,0
2706,002706.jpg,train2017,7,101216.0,lamp broken,1,0,1,0,1,0
2708,002708.jpg,train2017,1,98538.0,lamp broken,0,0,0,0,1,0
2709,002709.jpg,train2017,2,196027.0,lamp broken,0,1,0,0,1,0
2710,002710.jpg,train2017,3,14866.0,scratch,0,1,0,0,0,0
2711,002711.jpg,train2017,1,158424.0,dent,1,0,0,0,0,0
2712,002712.jpg,train2017,2,80106.0,scratch,1,1,0,0,0,0
2713,002713.jpg,train2017,2,162940.0,lamp broken,1,0,0,0,1,0
2714,002714.jpg,train2017,2,215492.0,scratch,0,1,0,0,0,0
2715,002715.jpg,train2017,2,62763.0,scratch,0,1,0,0,0,0
2717,002717.jpg,train2017,3,121074.0,dent,1,1,0,0,1,0
2718,002718.jpg,train2017,2,119856.0,dent,1,1,0,0,0,0
2719,002719.jpg,train2017,1,22597.0,scratch,0,1,0,0,0,0
2720,002720.jpg,train2017,9,32164.0,scratch,0,1,1,0,0,0
2722,002722.jpg,train2017,4,274949.0,scratch,0,1,1,0,0,0
2723,002723.jpg,train2017,4,192570.0,lamp broken,0,1,1,0,1,0
2724,002724.jpg,train2017,1,66233.0,dent,1,0,0,0,0,0
2725,002725.jpg,train2017,4,164037.0,scratch,1,1,1,0,0,0
2727,002727.jpg,train2017,3,210918.0,lamp broken,1,1,0,0,1,0
2731,002731.jpg,train2017,1,92078.0,dent,1,0,0,0,0,0
2732,002732.jpg,train2017,6,11381.0,crack,0,0,1,0,0,0
2733,002733.jpg,train2017,2,305125.0,lamp broken,1,0,0,0,1,0
2734,002734.jpg,train2017,6,129991.0,dent,1,1,1,0,0,0
2735,002735.jpg,train2017,1,185372.0,lamp broken,0,0,0,0,1,0
2736,002736.jpg,train2017,1,146182.0,lamp broken,0,0,0,0,1,0
2737,002737.jpg,train2017,1,200288.0,lamp broken,0,0,0,0,1,0
2738,002738.jpg,train2017,1,45285.0,dent,1,0,0,0,0,0
2739,002739.jpg,train2017,2,100676.0,dent,1,0,0,0,0,0
2740,002740.jpg,train2017,1,21124.0,dent,1,0,0,0,0,0
2742,002742.jpg,train2017,1,169781.0,scratch,0,1,0,0,0,0
2743,002743.jpg,train2017,1,163918.0,scratch,0,1,0,0,0,0
2744,002744.jpg,train2017,1,165215.0,scratch,0,1,0,0,0,0
2745,002745.jpg,train2017,1,30031.0,scratch,0,1,0,0,0,0
2746,002746.jpg,train2017,1,149175.0,scratch,0,1,0,0,0,0
2747,002747.jpg,train2017,1,132182.0,scratch,0,1,0,0,0,0
2748,002748.jpg,train2017,2,49786.0,scratch,0,1,0,0,0,0
2749,002749.jpg,train2017,2,112402.0,scratch,0,1,0,0,0,0
2750,002750.jpg,train2017,1,82692.0,scratch,0,1,0,0,0,0
2751,002751.jpg,train2017,2,213021.0,scratch,0,1,0,0,0,0
2756,002756.jpg,train2017,2,55247.0,scratch,0,1,0,0,0,0
2758,002758.jpg,train2017,1,61315.0,scratch,0,1,0,0,0,0
2759,002759.jpg,train2017,1,66948.0,scratch,0,1,0,0,0,0
2760,002760.jpg,train2017,3,197760.0,dent,1,1,0,0,0,0
2761,002761.jpg,train2017,6,139252.0,dent,1,1,1,0,0,0
2762,002762.jpg,train2017,2,89987.0,dent,1,0,0,0,0,0
2763,002763.jpg,train2017,1,243212.0,dent,1,0,0,0,0,0
2764,002764.jpg,train2017,2,98162.0,scratch,0,1,0,0,0,0
2765,002765.jpg,train2017,1,139540.0,scratch,0,1,0,0,0,0
2768,002768.jpg,train2017,4,203428.0,dent,1,1,0,0,0,0
2769,002769.jpg,train2017,2,99939.0,dent,1,1,0,0,0,0
2770,002770.jpg,train2017,1,334298.0,scratch,0,1,0,0,0,0
2771,002771.jpg,train2017,1,329613.0,scratch,0,1,0,0,0,0
2772,002772.jpg,train2017,3,160341.0,dent,1,0,0,0,1,0
2773,002773.jpg,train2017,1,8703.0,scratch,0,1,0,0,0,0
2774,002774.jpg,train2017,2,148557.0,scratch,0,1,0,0,0,0
2775,002775.jpg,train2017,3,199630.0,scratch,0,1,0,0,0,0
2777,002777.jpg,train2017,3,31895.0,scratch,0,1,0,0,0,0
2780,002780.jpg,train2017,3,167105.0,scratch,1,1,0,0,0,0
2782,002782.jpg,train2017,1,327509.0,dent,1,0,0,0,0,0
2783,002783.jpg,train2017,3,138652.0,dent,1,1,0,0,0,0
2784,002784.jpg,train2017,1,52468.0,scratch,0,1,0,0,0,0
2785,002785.jpg,train2017,2,120718.0,dent,1,0,0,0,0,0
2786,002786.jpg,train2017,3,51541.0,scratch,0,1,0,0,0,0
2787,002787.jpg,train2017,2,101848.0,scratch,0,1,0,0,0,0
2788,002788.jpg,train2017,1,131032.0,scratch,0,1,0,0,0,0
2792,002792.jpg,train2017,1,27566.0,scratch,0,1,0,0,0,0
2793,002793.jpg,train2017,1,29425.0,scratch,0,1,0,0,0,0
2794,002794.jpg,train2017,2,13533.0,scratch,0,1,0,0,0,0
2795,002795.jpg,train2017,1,39908.0,scratch,0,1,0,0,0,0
2796,002796.jpg,train2017,1,216173.0,scratch,0,1,0,0,0,0
2797,002797.jpg,train2017,1,142559.0,scratch,0,1,0,0,0,0
2798,002798.jpg,train2017,1,167440.0,scratch,0,1,0,0,0,0
2799,002799.jpg,train2017,1,122673.0,scratch,0,1,0,0,0,0
2800,002800.jpg,train2017,2,24383.0,scratch,0,1,1,0,0,0
2802,002802.jpg,train2017,3,123965.0,scratch,0,1,0,0,0,0
2806,002806.jpg,train2017,3,15096.0,dent,1,1,1,0,0,0
2807,002807.jpg,train2017,2,29834.0,scratch,0,1,0,0,0,0
2808,002808.jpg,train2017,1,115381.0,dent,1,0,0,0,0,0
2809,002809.jpg,train2017,3,44364.0,dent,1,1,0,0,0,0
2811,002811.jpg,train2017,1,33743.0,dent,1,0,0,0,0,0
2812,002812.jpg,train2017,1,147425.0,scratch,0,1,0,0,0,0
2813,002813.jpg,train2017,2,41249.0,scratch,0,1,0,0,0,0
2818,002818.jpg,train2017,2,37984.0,scratch,0,1,0,0,0,0
2819,002819.jpg,train2017,1,49135.0,scratch,0,1,0,0,0,0
2820,002820.jpg,train2017,2,53722.0,scratch,0,1,0,0,0,0
2821,002821.jpg,train2017,4,24099.0,scratch,0,1,1,0,0,0
2823,002823.jpg,train2017,1,211740.0,scratch,0,1,0,0,0,0
2824,002824.jpg,train2017,2,36792.0,scratch,0,1,0,0,0,0
2831,002831.jpg,train2017,2,54707.0,dent,1,1,0,0,0,0
2832,002832.jpg,train2017,4,97691.0,scratch,1,1,0,0,0,0
2835,002835.jpg,train2017,1,96751.0,dent,1,0,0,0,0,0
2836,002836.jpg,train2017,1,43918.0,scratch,0,1,0,0,0,0
2837,002837.jpg,train2017,1,54129.0,scratch,0,1,0,0,0,0
2838,002838.jpg,train2017,5,117883.0,dent,1,1,0,0,0,0
2839,002839.jpg,train2017,4,332528.0,dent,1,1,0,0,0,0
2840,002840.jpg,train2017,1,113886.0,dent,1,0,0,0,0,0
2841,002841.jpg,train2017,1,173050.0,dent,1,0,0,0,0,0
2842,002842.jpg,train2017,3,42671.0,scratch,0,1,0,0,0,0
2843,002843.jpg,train2017,3,41579.0,scratch,0,1,0,0,0,0
2844,002844.jpg,train2017,2,106250.0,scratch,0,1,0,0,0,0
2845,002845.jpg,train2017,3,168981.0,scratch,1,1,0,0,0,0
2846,002846.jpg,train2017,2,15627.0,scratch,0,1,0,0,0,0
2847,002847.jpg,train2017,2,9305.0,scratch,0,1,0,0,0,0
2848,002848.jpg,train2017,2,64843.0,scratch,0,1,0,0,0,0
2850,002850.jpg,train2017,3,385660.0,scratch,0,1,0,0,0,0
2851,002851.jpg,train2017,3,20532.0,scratch,0,1,0,0,0,0
2853,002853.jpg,train2017,1,14728.0,scratch,0,1,0,0,0,0
2854,002854.jpg,train2017,2,40410.0,scratch,0,1,0,0,0,0
2855,002855.jpg,train2017,2,129963.0,dent,1,1,0,0,0,0
2856,002856.jpg,train2017,2,353426.0,scratch,0,1,0,0,0,0
2857,002857.jpg,train2017,2,43820.0,scratch,0,1,0,0,0,0
2860,002860.jpg,train2017,1,180553.0,dent,1,0,0,0,0,0
2862,002862.jpg,train2017,4,108781.0,scratch,0,1,0,0,0,0
2863,002863.jpg,train2017,1,583110.0,scratch,0,1,0,0,0,0
2864,002864.jpg,train2017,2,78804.0,scratch,0,1,0,0,0,0
2870,002870.jpg,train2017,2,42267.0,scratch,0,1,0,0,0,0
2871,002871.jpg,train2017,2,96424.0,scratch,0,1,0,0,0,0
2872,002872.jpg,train2017,2,101892.0,scratch,0,1,0,0,0,0
2873,002873.jpg,train2017,1,194270.0,scratch,0,1,0,0,0,0
2874,002874.jpg,train2017,1,289466.0,scratch,0,1,0,0,0,0
2875,002875.jpg,train2017,1,155147.0,scratch,0,1,0,0,0,0
2876,002876.jpg,train2017,1,49679.0,dent,1,0,0,0,0,0
2877,002877.jpg,train2017,4,99267.0,scratch,0,1,0,0,0,0
2878,002878.jpg,train2017,1,103172.0,scratch,0,1,0,0,0,0
2880,002880.jpg,train2017,2,173293.0,dent,1,0,0,0,0,0
2883,002883.jpg,train2017,2,276787.0,dent,1,1,0,0,0,0
2884,002884.jpg,train2017,3,533503.0,dent,1,1,0,0,0,0
2885,002885.jpg,train2017,2,171492.0,dent,1,0,0,0,0,0
2886,002886.jpg,train2017,4,101328.0,lamp broken,1,1,0,0,1,0
2888,002888.jpg,train2017,3,134610.0,dent,1,0,1,0,0,0
2889,002889.jpg,train2017,2,160508.0,dent,1,0,0,0,0,0
2890,002890.jpg,train2017,3,69044.0,lamp broken,0,1,1,0,1,0
2891,002891.jpg,train2017,2,8463.0,dent,1,1,0,0,0,0
2894,002894.jpg,train2017,1,223470.0,dent,1,0,0,0,0,0
2896,002896.jpg,train2017,3,317572.0,dent,1,1,0,0,0,0
2897,002897.jpg,train2017,1,221845.0,dent,1,0,0,0,0,0
2900,002900.jpg,train2017,1,138192.0,dent,1,0,0,0,0,0
2901,002901.jpg,train2017,5,104179.0,dent,1,1,0,0,0,0
2902,002902.jpg,train2017,3,63347.0,dent,1,1,0,0,0,0
2903,002903.jpg,train2017,2,112895.0,scratch,0,1,0,0,0,0
2904,002904.jpg,train2017,5,21656.0,scratch,0,1,0,0,0,0
2905,002905.jpg,train2017,3,79795.0,dent,1,1,0,0,0,0
2906,002906.jpg,train2017,1,23601.0,scratch,0,1,0,0,0,0
2907,002907.jpg,train2017,2,123200.0,dent,1,0,0,0,0,0
2910,002910.jpg,train2017,2,35956.0,dent,1,1,0,0,0,0
2911,002911.jpg,train2017,3,134250.0,lamp broken,1,1,0,0,1,0
2912,002912.jpg,train2017,4,185212.0,scratch,1,1,1,0,0,0
2913,002913.jpg,train2017,4,136791.0,scratch,0,1,0,0,0,0
2915,002915.jpg,train2017,1,162834.0,dent,1,0,0,0,0,0
2916,002916.jpg,train2017,3,69950.0,scratch,0,1,1,0,0,0
2917,002917.jpg,train2017,2,87387.0,scratch,0,1,0,0,0,0
2918,002918.jpg,train2017,2,126213.0,scratch,0,1,0,0,0,0
2919,002919.jpg,train2017,2,13683.0,dent,1,1,0,0,0,0
2920,002920.jpg,train2017,3,9183.0,dent,1,1,1,0,0,0
2921,002921.jpg,train2017,6,62102.0,lamp broken,1,1,1,0,1,0
2926,002926.jpg,train2017,5,180156.0,dent,1,1,0,0,0,0
2927,002927.jpg,train2017,2,22371.0,dent,1,1,0,0,0,0
2928,002928.jpg,train2017,3,210606.0,lamp broken,1,0,0,0,1,0
2929,002929.jpg,train2017,4,299003.0,lamp broken,1,0,1,0,1,0
2930,002930.jpg,train2017,4,167854.0,lamp broken,1,0,1,0,1,0
2932,002932.jpg,train2017,3,267231.0,lamp broken,0,1,1,0,1,0
2935,002935.jpg,train2017,6,334915.0,scratch,1,1,1,0,1,0
2936,002936.jpg,train2017,7,308277.0,lamp broken,1,1,1,0,1,0
2937,002937.jpg,train2017,3,27499.0,dent,1,0,1,0,0,0
2938,002938.jpg,train2017,1,177071.0,scratch,0,1,0,0,0,0
2939,002939.jpg,train2017,2,42101.0,dent,1,1,0,0,0,0
2940,002940.jpg,train2017,2,214416.0,dent,1,1,0,0,0,0
2941,002941.jpg,train2017,2,204947.0,scratch,0,1,0,0,0,0
2942,002942.jpg,train2017,2,31336.0,scratch,0,1,1,0,0,0
2943,002943.jpg,train2017,1,375606.0,scratch,0,1,0,0,0,0
2944,002944.jpg,train2017,2,114586.0,dent,1,1,0,0,0,0
2945,002945.jpg,train2017,3,47280.0,scratch,0,1,1,0,0,0
2947,002947.jpg,train2017,2,507294.0,lamp broken,1,0,0,0,1,0
2948,002948.jpg,train2017,2,417183.0,lamp broken,1,0,0,0,1,0
2949,002949.jpg,train2017,2,6795.0,scratch,0,1,0,0,0,0
2950,002950.jpg,train2017,8,126687.0,dent,1,1,1,0,0,0
2951,002951.jpg,train2017,3,37646.0,dent,1,1,0,0,0,0
2952,002952.jpg,train2017,1,3087.0,crack,0,0,1,0,0,0
2955,002955.jpg,train2017,3,178555.0,scratch,0,1,1,0,0,0
2956,002956.jpg,train2017,3,125771.0,scratch,0,1,1,0,0,0
2957,002957.jpg,train2017,1,32315.0,scratch,0,1,0,0,0,0
2958,002958.jpg,train2017,1,123008.0,scratch,0,1,0,0,0,0
2959,002959.jpg,train2017,1,77161.0,scratch,0,1,0,0,0,0
2960,002960.jpg,train2017,2,112490.0,dent,1,0,0,0,0,0
2963,002963.jpg,train2017,2,193743.0,dent,1,0,0,0,0,0
2964,002964.jpg,train2017,1,26686.0,dent,1,0,0,0,0,0
2965,002965.jpg,train2017,1,137104.0,dent,1,0,0,0,0,0
2966,002966.jpg,train2017,1,307753.0,dent,1,0,0,0,0,0
2967,002967.jpg,train2017,2,235208.0,lamp broken,0,1,0,0,1,0
2968,002968.jpg,train2017,2,111394.0,scratch,1,1,0,0,0,0
2969,002969.jpg,train2017,2,36101.0,scratch,1,1,0,0,0,0
2970,002970.jpg,train2017,2,57358.0,scratch,1,1,0,0,0,0
2971,002971.jpg,train2017,3,89649.0,dent,1,0,0,0,0,0
2972,002972.jpg,train2017,1,69702.0,scratch,0,1,0,0,0,0
2973,002973.jpg,train2017,1,48422.0,dent,1,0,0,0,0,0
2974,002974.jpg,train2017,1,117952.0,dent,1,0,0,0,0,0
2975,002975.jpg,train2017,1,89734.0,dent,1,0,0,0,0,0
2976,002976.jpg,train2017,1,246706.0,dent,1,0,0,0,0,0
2977,002977.jpg,train2017,1,79863.0,dent,1,0,0,0,0,0
2978,002978.jpg,train2017,1,74358.0,dent,1,0,0,0,0,0
2979,002979.jpg,train2017,2,77332.0,dent,1,1,0,0,0,0
2980,002980.jpg,train2017,1,75238.0,dent,1,0,0,0,0,0
2981,002981.jpg,train2017,2,40955.0,lamp broken,1,0,0,0,1,0
2982,002982.jpg,train2017,2,22695.0,lamp broken,1,0,0,0,1,0
2983,002983.jpg,train2017,3,103385.0,lamp broken,1,1,0,0,1,0
2984,002984.jpg,train2017,2,146340.0,lamp broken,1,0,0,0,1,0
2985,002985.jpg,train2017,2,77820.0,lamp broken,1,0,0,0,1,0
2989,002989.jpg,train2017,2,2023.0,crack,0,0,1,0,0,0
2990,002990.jpg,train2017,4,269332.0,dent,1,1,0,0,0,0
2993,002993.jpg,train2017,5,87982.0,scratch,0,1,0,0,0,0
2994,002994.jpg,train2017,2,122903.0,scratch,1,1,0,0,0,0
2995,002995.jpg,train2017,2,177431.0,lamp broken,0,1,0,0,1,0
2997,002997.jpg,train2017,5,159360.0,dent,1,1,0,0,1,0
2998,002998.jpg,train2017,2,46718.0,dent,1,0,0,0,0,0
2999,002999.jpg,train2017,1,31219.0,dent,1,0,0,0,0,0
3000,003000.jpg,train2017,1,59445.0,dent,1,0,0,0,0,0
3001,003001.jpg,train2017,1,44351.0,scratch,0,1,0,0,0,0
3002,003002.jpg,train2017,2,193471.0,scratch,0,1,0,0,1,0
3003,003003.jpg,train2017,1,49304.0,dent,1,0,0,0,0,0
3004,003004.jpg,train2017,1,130636.0,scratch,0,1,0,0,0,0
3005,003005.jpg,train2017,1,20831.0,scratch,0,1,0,0,0,0
3006,003006.jpg,train2017,1,13081.0,scratch,0,1,0,0,0,0
3007,003007.jpg,train2017,2,56369.0,scratch,1,1,0,0,0,0
3008,003008.jpg,train2017,1,27772.0,scratch,0,1,0,0,0,0
3009,003009.jpg,train2017,1,26893.0,scratch,0,1,0,0,0,0
3010,003010.jpg,train2017,1,22359.0,scratch,0,1,0,0,0,0
3012,003012.jpg,train2017,1,151026.0,dent,1,0,0,0,0,0
3013,003013.jpg,train2017,1,103359.0,dent,1,0,0,0,0,0
3014,003014.jpg,train2017,1,202621.0,dent,1,0,0,0,0,0
3015,003015.jpg,train2017,1,76080.0,dent,1,0,0,0,0,0
3016,003016.jpg,train2017,2,185421.0,dent,1,1,0,0,0,0
3022,003022.jpg,train2017,5,256702.0,scratch,1,1,0,0,1,0
3023,003023.jpg,train2017,4,140452.0,dent,1,1,0,0,0,0
3024,003024.jpg,train2017,1,273787.0,glass shatter,0,0,0,1,0,0
3025,003025.jpg,train2017,1,338595.0,glass shatter,0,0,0,1,0,0
3026,003026.jpg,train2017,1,395843.0,glass shatter,0,0,0,1,0,0
3030,003030.jpg,train2017,1,265384.0,glass shatter,0,0,0,1,0,0
3031,003031.jpg,train2017,1,633184.0,glass shatter,0,0,0,1,0,0
3032,003032.jpg,train2017,1,270579.0,glass shatter,0,0,0,1,0,0
3033,003033.jpg,train2017,1,224214.0,glass shatter,0,0,0,1,0,0
3034,003034.jpg,train2017,1,547006.0,glass shatter,0,0,0,1,0,0
3035,003035.jpg,train2017,1,294339.0,glass shatter,0,0,0,1,0,0
3036,003036.jpg,train2017,3,218567.0,lamp broken,1,1,0,0,1,0
3037,003037.jpg,train2017,2,6411.0,crack,0,0,1,0,0,0
3038,003038.jpg,train2017,1,315101.0,glass shatter,0,0,0,1,0,0
3040,003040.jpg,train2017,2,432411.0,dent,1,0,0,0,1,0
3043,003043.jpg,train2017,1,628778.0,glass shatter,0,0,0,1,0,0
3044,003044.jpg,train2017,1,563623.0,glass shatter,0,0,0,1,0,0
3045,003045.jpg,train2017,1,306062.0,glass shatter,0,0,0,1,0,0
3046,003046.jpg,train2017,1,438387.0,glass shatter,0,0,0,1,0,0
3047,003047.jpg,train2017,1,288764.0,glass shatter,0,0,0,1,0,0
3048,003048.jpg,train2017,1,211975.0,glass shatter,0,0,0,1,0,0
3049,003049.jpg,train2017,1,247583.0,glass shatter,0,0,0,1,0,0
3052,003052.jpg,train2017,2,59225.0,dent,1,0,1,0,0,0
3053,003053.jpg,train2017,2,106874.0,crack,1,0,1,0,0,0
3055,003055.jpg,train2017,1,154284.0,glass shatter,0,0,0,1,0,0
3056,003056.jpg,train2017,1,127956.0,glass shatter,0,0,0,1,0,0
3057,003057.jpg,train2017,1,519187.0,glass shatter,0,0,0,1,0,0
3058,003058.jpg,train2017,1,335397.0,glass shatter,0,0,0,1,0,0
3059,003059.jpg,train2017,1,304095.0,glass shatter,0,0,0,1,0,0
3060,003060.jpg,train2017,1,312631.0,glass shatter,0,0,0,1,0,0
3061,003061.jpg,train2017,1,432233.0,glass shatter,0,0,0,1,0,0
3065,003065.jpg,train2017,1,356156.0,glass shatter,0,0,0,1,0,0
3066,003066.jpg,train2017,1,256206.0,glass shatter,0,0,0,1,0,0
3067,003067.jpg,train2017,1,416795.0,glass shatter,0,0,0,1,0,0
3068,003068.jpg,train2017,1,208901.0,glass shatter,0,0,0,1,0,0
3069,003069.jpg,train2017,1,357828.0,glass shatter,0,0,0,1,0,0
3070,003070.jpg,train2017,1,709092.0,glass shatter,0,0,0,1,0,0
3072,003072.jpg,train2017,2,450678.0,glass shatter,1,0,0,1,0,0
3075,003075.jpg,train2017,1,542539.0,glass shatter,0,0,0,1,0,0
3076,003076.jpg,train2017,1,667000.0,glass shatter,0,0,0,1,0,0
3077,003077.jpg,train2017,1,438731.0,glass shatter,0,0,0,1,0,0
3078,003078.jpg,train2017,1,590314.0,glass shatter,0,0,0,1,0,0
3079,003079.jpg,train2017,1,698592.0,glass shatter,0,0,0,1,0,0
3080,003080.jpg,train2017,1,667000.0,glass shatter,0,0,0,1,0,0
3081,003081.jpg,train2017,1,497543.0,glass shatter,0,0,0,1,0,0
3085,003085.jpg,train2017,1,405735.0,glass shatter,0,0,0,1,0,0
3086,003086.jpg,train2017,1,208879.0,glass shatter,0,0,0,1,0,0
3088,003088.jpg,train2017,5,175211.0,lamp broken,0,1,1,0,1,0
3089,003089.jpg,train2017,4,325278.0,lamp broken,0,1,1,0,1,0
3091,003091.jpg,train2017,6,158354.0,lamp broken,0,1,1,0,1,0
3092,003092.jpg,train2017,2,373038.0,glass shatter,1,0,0,1,0,0
3093,003093.jpg,train2017,1,370397.0,glass shatter,0,0,0,1,0,0
3094,003094.jpg,train2017,1,519957.0,glass shatter,0,0,0,1,0,0
3095,003095.jpg,train2017,3,487917.0,lamp broken,1,1,0,0,1,0
3096,003096.jpg,train2017,2,167633.0,lamp broken,0,1,0,0,1,0
3097,003097.jpg,train2017,1,635399.0,glass shatter,0,0,0,1,0,0
3098,003098.jpg,train2017,1,198658.0,glass shatter,0,0,0,1,0,0
3103,003103.jpg,train2017,1,210677.0,glass shatter,0,0,0,1,0,0
3104,003104.jpg,train2017,3,280356.0,glass shatter,1,1,0,1,0,0
3105,003105.jpg,train2017,1,68605.0,glass shatter,0,0,0,1,0,0
3106,003106.jpg,train2017,1,329736.0,glass shatter,0,0,0,1,0,0
3107,003107.jpg,train2017,2,248342.0,scratch,0,1,0,0,0,0
3108,003108.jpg,train2017,3,440043.0,lamp broken,0,1,1,0,1,0
3111,003111.jpg,train2017,1,255228.0,glass shatter,0,0,0,1,0,0
3112,003112.jpg,train2017,1,279813.0,glass shatter,0,0,0,1,0,0
3113,003113.jpg,train2017,2,360319.0,lamp broken,0,0,1,0,1,0
3114,003114.jpg,train2017,2,275272.0,glass shatter,1,0,0,1,0,0
3117,003117.jpg,train2017,1,408952.0,glass shatter,0,0,0,1,0,0
3118,003118.jpg,train2017,3,314843.0,glass shatter,1,0,1,1,0,0
3119,003119.jpg,train2017,1,55646.0,glass shatter,0,0,0,1,0,0
3120,003120.jpg,train2017,1,91486.0,glass shatter,0,0,0,1,0,0
3121,003121.jpg,train2017,1,369060.0,glass shatter,0,0,0,1,0,0
3122,003122.jpg,train2017,1,204738.0,glass shatter,0,0,0,1,0,0
3123,003123.jpg,train2017,1,414162.0,glass shatter,0,0,0,1,0,0
3126,003126.jpg,train2017,2,324727.0,lamp broken,1,0,0,0,1,0
3128,003128.jpg,train2017,3,293328.0,lamp broken,1,1,0,0,1,0
3129,003129.jpg,train2017,2,270584.0,lamp broken,1,0,0,0,1,0
3130,003130.jpg,train2017,3,49494.0,lamp broken,1,1,0,0,1,0
3131,003131.jpg,train2017,2,311627.0,lamp broken,1,0,0,0,1,0
3132,003132.jpg,train2017,1,148739.0,lamp broken,0,0,0,0,1,0
3133,003133.jpg,train2017,1,456093.0,glass shatter,0,0,0,1,0,0
3134,003134.jpg,train2017,1,162969.0,glass shatter,0,0,0,1,0,0
3135,003135.jpg,train2017,1,470157.0,glass shatter,0,0,0,1,0,0
3136,003136.jpg,train2017,1,510471.0,glass shatter,0,0,0,1,0,0
3137,003137.jpg,train2017,1,367055.0,glass shatter,0,0,0,1,0,0
3138,003138.jpg,train2017,1,310805.0,glass shatter,0,0,0,1,0,0
3139,003139.jpg,train2017,1,249002.0,glass shatter,0,0,0,1,0,0
3144,003144.jpg,train2017,4,197678.0,dent,1,0,0,0,1,0
3145,003145.jpg,train2017,4,174942.0,dent,1,0,0,0,1,0
3146,003146.jpg,train2017,6,354636.0,lamp broken,1,1,0,0,1,0
3147,003147.jpg,train2017,3,118847.0,lamp broken,1,1,0,0,1,0
3148,003148.jpg,train2017,1,371104.0,glass shatter,0,0,0,1,0,0
3149,003149.jpg,train2017,4,120240.0,scratch,1,1,1,0,0,0
3150,003150.jpg,train2017,1,569020.0,glass shatter,0,0,0,1,0,0
3151,003151.jpg,train2017,1,539071.0,glass shatter,0,0,0,1,0,0
3152,003152.jpg,train2017,1,352228.0,glass shatter,0,0,0,1,0,0
3153,003153.jpg,train2017,1,120280.0,glass shatter,0,0,0,1,0,0
3154,003154.jpg,train2017,1,65321.0,glass shatter,0,0,0,1,0,0
3155,003155.jpg,train2017,1,285198.0,glass shatter,0,0,0,1,0,0
3159,003159.jpg,train2017,1,668000.0,glass shatter,0,0,0,1,0,0
3160,003160.jpg,train2017,1,431459.0,glass shatter,0,0,0,1,0,0
3161,003161.jpg,train2017,1,333313.0,glass shatter,0,0,0,1,0,0
3162,003162.jpg,train2017,1,298229.0,glass shatter,0,0,0,1,0,0
3163,003163.jpg,train2017,1,372992.0,glass shatter,0,0,0,1,0,0
3164,003164.jpg,train2017,1,367896.0,glass shatter,0,0,0,1,0,0
3165,003165.jpg,train2017,1,649945.0,glass shatter,0,0,0,1,0,0
3169,003169.jpg,train2017,1,503327.0,glass shatter,0,0,0,1,0,0
3170,003170.jpg,train2017,1,390233.0,glass shatter,0,0,0,1,0,0
3171,003171.jpg,train2017,1,537205.0,glass shatter,0,0,0,1,0,0
3172,003172.jpg,train2017,1,507767.0,glass shatter,0,0,0,1,0,0
3173,003173.jpg,train2017,1,636830.0,glass shatter,0,0,0,1,0,0
3174,003174.jpg,train2017,1,647377.0,glass shatter,0,0,0,1,0,0
3177,003177.jpg,train2017,2,137339.0,lamp broken,0,1,0,0,1,0
3178,003178.jpg,train2017,3,10962.0,scratch,0,1,0,0,0,0
3179,003179.jpg,train2017,3,12303.0,scratch,0,1,0,0,0,0
3181,003181.jpg,train2017,2,131377.0,glass shatter,1,0,0,1,0,0
3183,003183.jpg,train2017,2,15752.0,scratch,0,1,0,0,0,0
3184,003184.jpg,train2017,4,52895.0,dent,1,1,1,0,0,0
3185,003185.jpg,train2017,3,23985.0,scratch,0,1,0,0,0,0
3186,003186.jpg,train2017,1,32214.0,scratch,0,1,0,0,0,0
3188,003188.jpg,train2017,4,46277.0,scratch,0,1,0,0,0,0
3189,003189.jpg,train2017,2,295307.0,scratch,0,1,0,0,0,0
3190,003190.jpg,train2017,2,285238.0,glass shatter,1,0,0,1,0,0
3191,003191.jpg,train2017,1,294060.0,glass shatter,0,0,0,1,0,0
3192,003192.jpg,train2017,1,180293.0,glass shatter,0,0,0,1,0,0
3193,003193.jpg,train2017,1,146510.0,glass shatter,0,0,0,1,0,0
3194,003194.jpg,train2017,1,488729.0,glass shatter,0,0,0,1,0,0
3195,003195.jpg,train2017,1,162707.0,scratch,0,1,0,0,0,0
3197,003197.jpg,train2017,1,128766.0,scratch,0,1,0,0,0,0
3198,003198.jpg,train2017,1,273409.0,glass shatter,0,0,0,1,0,0
3199,003199.jpg,train2017,1,357150.0,glass shatter,0,0,0,1,0,0
3202,003202.jpg,train2017,3,388140.0,lamp broken,0,1,1,0,1,0
3207,003207.jpg,train2017,1,329843.0,glass shatter,0,0,0,1,0,0
3208,003208.jpg,train2017,2,54733.0,glass shatter,0,0,1,1,0,0
3209,003209.jpg,train2017,1,301719.0,glass shatter,0,0,0,1,0,0
3210,003210.jpg,train2017,1,330470.0,glass shatter,0,0,0,1,0,0
3211,003211.jpg,train2017,1,514989.0,glass shatter,0,0,0,1,0,0
3212,003212.jpg,train2017,1,305264.0,glass shatter,0,0,0,1,0,0
3215,003215.jpg,train2017,3,40615.0,scratch,1,1,0,0,0,0
3216,003216.jpg,train2017,1,133942.0,scratch,0,1,0,0,0,0
3217,003217.jpg,train2017,1,71775.0,scratch,0,1,0,0,0,0
3218,003218.jpg,train2017,1,60320.0,dent,1,0,0,0,0,0
3219,003219.jpg,train2017,1,13993.0,scratch,0,1,0,0,0,0
3220,003220.jpg,train2017,1,81642.0,dent,1,0,0,0,0,0
3221,003221.jpg,train2017,1,54924.0,dent,1,0,0,0,0,0
3223,003223.jpg,train2017,2,29079.0,scratch,0,1,1,0,0,0
3224,003224.jpg,train2017,1,56848.0,scratch,0,1,0,0,0,0
3225,003225.jpg,train2017,4,225259.0,glass shatter,1,0,0,1,0,0
3227,003227.jpg,train2017,1,393225.0,glass shatter,0,0,0,1,0,0
3228,003228.jpg,train2017,2,107071.0,scratch,0,1,0,0,0,0
3229,003229.jpg,train2017,10,157040.0,glass shatter,1,0,0,1,0,0
3230,003230.jpg,train2017,1,107928.0,scratch,0,1,0,0,0,0
3231,003231.jpg,train2017,1,371808.0,glass shatter,0,0,0,1,0,0
3232,003232.jpg,train2017,1,581231.0,glass shatter,0,0,0,1,0,0
3236,003236.jpg,train2017,4,105157.0,dent,1,1,0,1,0,0
3237,003237.jpg,train2017,3,239913.0,glass shatter,0,1,0,1,0,0
3238,003238.jpg,train2017,5,85845.0,scratch,0,1,1,0,0,0
3239,003239.jpg,train2017,1,359896.0,glass shatter,0,0,0,1,0,0
3240,003240.jpg,train2017,1,586859.0,glass shatter,0,0,0,1,0,0
3241,003241.jpg,train2017,1,667000.0,glass shatter,0,0,0,1,0,0
3242,003242.jpg,train2017,2,196110.0,glass shatter,0,0,1,1,0,0
3243,003243.jpg,train2017,1,750723.0,glass shatter,0,0,0,1,0,0
3249,003249.jpg,train2017,1,358586.0,glass shatter,0,0,0,1,0,0
3250,003250.jpg,train2017,1,650487.0,glass shatter,0,0,0,1,0,0
3251,003251.jpg,train2017,1,260308.0,glass shatter,0,0,0,1,0,0
3252,003252.jpg,train2017,2,373569.0,glass shatter,0,1,0,1,0,0
3253,003253.jpg,train2017,1,561511.0,glass shatter,0,0,0,1,0,0
3254,003254.jpg,train2017,1,346191.0,glass shatter,0,0,0,1,0,0
3255,003255.jpg,train2017,1,601015.0,glass shatter,0,0,0,1,0,0
3260,003260.jpg,train2017,3,431050.0,lamp broken,0,1,1,0,1,0
3261,003261.jpg,train2017,1,516465.0,glass shatter,0,0,0,1,0,0
3262,003262.jpg,train2017,1,354878.0,glass shatter,0,0,0,1,0,0
3263,003263.jpg,train2017,1,596914.0,glass shatter,0,0,0,1,0,0
3264,003264.jpg,train2017,1,386280.0,glass shatter,0,0,0,1,0,0
3265,003265.jpg,train2017,1,422821.0,glass shatter,0,0,0,1,0,0
3266,003266.jpg,train2017,1,381208.0,glass shatter,0,0,0,1,0,0
3267,003267.jpg,train2017,1,227242.0,glass shatter,0,0,0,1,0,0
3269,003269.jpg,train2017,4,95570.0,dent,1,1,1,0,1,0
3272,003272.jpg,train2017,1,414819.0,glass shatter,0,0,0,1,0,0
3273,003273.jpg,train2017,1,137363.0,glass shatter,0,0,0,1,0,0
3275,003275.jpg,train2017,2,227689.0,lamp broken,0,1,0,0,1,0
3276,003276.jpg,train2017,1,349062.0,glass shatter,0,0,0,1,0,0
3277,003277.jpg,train2017,2,420502.0,glass shatter,1,0,0,1,0,0
3278,003278.jpg,train2017,1,679259.0,glass shatter,0,0,0,1,0,0
3279,003279.jpg,train2017,4,167577.0,lamp broken,1,1,1,0,1,0
3280,003280.jpg,train2017,3,182468.0,lamp broken,1,0,1,0,1,0
3281,003281.jpg,train2017,1,180328.0,dent,1,0,0,0,0,0
3282,003282.jpg,train2017,2,266127.0,dent,1,1,0,0,0,0
3286,003286.jpg,train2017,3,276750.0,lamp broken,0,1,0,0,1,0
3287,003287.jpg,train2017,1,608079.0,glass shatter,0,0,0,1,0,0
3288,003288.jpg,train2017,1,144316.0,glass shatter,0,0,0,1,0,0
3293,003293.jpg,train2017,1,303004.0,glass shatter,0,0,0,1,0,0
3294,003294.jpg,train2017,1,254531.0,glass shatter,0,0,0,1,0,0
3298,003298.jpg,train2017,1,518316.0,glass shatter,0,0,0,1,0,0
3299,003299.jpg,train2017,1,126006.0,glass shatter,0,0,0,1,0,0
3300,003300.jpg,train2017,2,255997.0,glass shatter,0,0,0,1,0,0
3304,003304.jpg,train2017,4,225470.0,glass shatter,0,0,1,1,0,0
3305,003305.jpg,train2017,7,232432.0,dent,1,1,1,0,1,0
3306,003306.jpg,train2017,1,463497.0,glass shatter,0,0,0,1,0,0
3307,003307.jpg,train2017,1,264995.0,glass shatter,0,0,0,1,0,0
3308,003308.jpg,train2017,3,227067.0,lamp broken,1,1,0,0,1,0
3310,003310.jpg,train2017,2,62740.0,scratch,0,1,0,0,0,0
3311,003311.jpg,train2017,1,504344.0,glass shatter,0,0,0,1,0,0
3312,003312.jpg,train2017,1,503824.0,glass shatter,0,0,0,1,0,0
3313,003313.jpg,train2017,1,469938.0,glass shatter,0,0,0,1,0,0
3314,003314.jpg,train2017,1,334826.0,glass shatter,0,0,0,1,0,0
3315,003315.jpg,train2017,1,570532.0,glass shatter,0,0,0,1,0,0
3319,003319.jpg,train2017,1,589422.0,glass shatter,0,0,0,1,0,0
3320,003320.jpg,train2017,1,43688.0,scratch,0,1,0,0,0,0
3321,003321.jpg,train2017,1,479986.0,glass shatter,0,0,0,1,0,0
3322,003322.jpg,train2017,1,351720.0,glass shatter,0,0,0,1,0,0
3323,003323.jpg,train2017,1,561196.0,glass shatter,0,0,0,1,0,0
3324,003324.jpg,train2017,2,332344.0,glass shatter,1,0,0,1,0,0
3325,003325.jpg,train2017,1,245619.0,glass shatter,0,0,0,1,0,0
3326,003326.jpg,train2017,1,563011.0,glass shatter,0,0,0,1,0,0
3330,003330.jpg,train2017,1,585724.0,glass shatter,0,0,0,1,0,0
3331,003331.jpg,train2017,1,258846.0,glass shatter,0,0,0,1,0,0
3332,003332.jpg,train2017,1,307253.0,glass shatter,0,0,0,1,0,0
3333,003333.jpg,train2017,1,450183.0,glass shatter,0,0,0,1,0,0
3334,003334.jpg,train2017,1,617452.0,glass shatter,0,0,0,1,0,0
3335,003335.jpg,train2017,6,86280.0,glass shatter,1,0,1,1,0,0
3336,003336.jpg,train2017,1,601097.0,glass shatter,0,0,0,1,0,0
3337,003337.jpg,train2017,1,297616.0,lamp broken,0,0,0,0,1,0
3339,003339.jpg,train2017,4,5844.0,crack,0,0,1,0,0,0
3341,003341.jpg,train2017,3,236007.0,lamp broken,1,0,1,0,1,0
3342,003342.jpg,train2017,3,412241.0,lamp broken,0,1,0,0,1,0
3343,003343.jpg,train2017,1,63764.0,lamp broken,0,0,0,0,1,0
3344,003344.jpg,train2017,1,229550.0,lamp broken,0,0,0,0,1,0
3346,003346.jpg,train2017,3,76900.0,scratch,0,1,0,0,0,0
3347,003347.jpg,train2017,2,99042.0,lamp broken,0,1,0,0,1,0
3349,003349.jpg,train2017,2,122162.0,lamp broken,0,1,0,0,1,0
3350,003350.jpg,train2017,2,53139.0,lamp broken,0,1,0,0,1,0
3351,003351.jpg,train2017,3,87373.0,lamp broken,1,1,0,0,1,0
3352,003352.jpg,train2017,2,27184.0,lamp broken,0,1,0,0,1,0
3353,003353.jpg,train2017,1,378364.0,lamp broken,0,0,0,0,1,0
3356,003356.jpg,train2017,2,33506.0,scratch,0,1,0,0,0,0
3357,003357.jpg,train2017,4,128344.0,lamp broken,0,1,1,0,1,0
3358,003358.jpg,train2017,1,136640.0,lamp broken,0,0,0,0,1,0
3359,003359.jpg,train2017,3,207897.0,lamp broken,0,1,0,0,1,0
3360,003360.jpg,train2017,4,220458.0,lamp broken,1,1,0,0,1,0
3361,003361.jpg,train2017,1,240070.0,lamp broken,0,0,0,0,1,0
3363,003363.jpg,train2017,5,63065.0,dent,1,1,0,0,0,0
3364,003364.jpg,train2017,4,241662.0,dent,1,1,0,0,0,0
3365,003365.jpg,train2017,2,281298.0,lamp broken,0,1,0,0,1,0
3366,003366.jpg,train2017,1,181731.0,lamp broken,0,0,0,0,1,0
3374,003374.jpg,train2017,1,438463.0,lamp broken,0,0,0,0,1,0
3375,003375.jpg,train2017,1,665290.0,lamp broken,0,0,0,0,1,0
3376,003376.jpg,train2017,1,656894.0,lamp broken,0,0,0,0,1,0
3377,003377.jpg,train2017,1,205661.0,lamp broken,0,0,0,0,1,0
3378,003378.jpg,train2017,1,191607.0,lamp broken,0,0,0,0,1,0
3379,003379.jpg,train2017,1,302032.0,lamp broken,0,0,0,0,1,0
3380,003380.jpg,train2017,1,313127.0,lamp broken,0,0,0,0,1,0
3381,003381.jpg,train2017,1,64368.0,lamp broken,0,0,0,0,1,0
3383,003383.jpg,train2017,2,92687.0,scratch,0,1,0,0,1,0
3384,003384.jpg,train2017,1,206955.0,scratch,0,1,0,0,0,0
3385,003385.jpg,train2017,1,195900.0,lamp broken,0,0,0,0,1,0
3386,003386.jpg,train2017,1,579177.0,lamp broken,0,0,0,0,1,0
3387,003387.jpg,train2017,2,21116.0,scratch,0,1,0,0,0,0
3388,003388.jpg,train2017,1,73533.0,scratch,0,1,0,0,0,0
3389,003389.jpg,train2017,2,60936.0,scratch,0,1,0,0,0,0
3390,003390.jpg,train2017,4,127443.0,lamp broken,1,0,0,0,1,0
3391,003391.jpg,train2017,2,198430.0,lamp broken,1,0,0,0,1,0
3393,003393.jpg,train2017,2,31717.0,lamp broken,0,0,1,0,1,0
3394,003394.jpg,train2017,2,267365.0,lamp broken,1,0,0,0,1,0
3396,003396.jpg,train2017,1,4325.0,crack,0,0,1,0,0,0
3398,003398.jpg,train2017,1,524029.0,tire flat,0,0,0,0,0,1
3400,003400.jpg,train2017,2,113360.0,lamp broken,0,1,0,0,1,0
3401,003401.jpg,train2017,2,53754.0,lamp broken,0,1,0,0,1,0
3403,003403.jpg,train2017,2,388902.0,lamp broken,0,1,0,0,1,0
3404,003404.jpg,train2017,2,31458.0,scratch,0,1,0,0,0,0
3405,003405.jpg,train2017,2,182140.0,scratch,0,1,0,0,0,0
3406,003406.jpg,train2017,2,116420.0,scratch,0,1,0,0,0,0
3409,003409.jpg,train2017,6,407317.0,dent,1,1,1,0,1,0
3410,003410.jpg,train2017,9,256852.0,lamp broken,1,1,1,0,1,0
3411,003411.jpg,train2017,12,217519.0,glass shatter,1,1,1,1,1,0
3412,003412.jpg,train2017,5,282955.0,lamp broken,1,1,0,0,1,0
3413,003413.jpg,train2017,6,193080.0,dent,1,1,0,0,0,0
3415,003415.jpg,train2017,1,62509.0,dent,1,0,0,0,0,0
3416,003416.jpg,train2017,2,74495.0,scratch,0,1,0,0,0,0
3417,003417.jpg,train2017,1,95951.0,scratch,0,1,0,0,0,0
3419,003419.jpg,train2017,1,44720.0,scratch,0,1,0,0,0,0
3420,003420.jpg,train2017,1,30375.0,scratch,0,1,0,0,0,0
3421,003421.jpg,train2017,2,160240.0,lamp broken,0,1,0,0,1,0
3422,003422.jpg,train2017,4,102243.0,scratch,0,1,0,0,0,0
3423,003423.jpg,train2017,1,108128.0,scratch,0,1,0,0,0,0
3425,003425.jpg,train2017,1,10817.0,scratch,0,1,0,0,0,0
3429,003429.jpg,train2017,4,176202.0,lamp broken,0,0,1,0,1,0
3430,003430.jpg,train2017,3,215498.0,dent,1,1,0,0,0,0
3435,003435.jpg,train2017,3,307056.0,lamp broken,0,1,0,0,1,0
3436,003436.jpg,train2017,1,75914.0,scratch,0,1,0,0,0,0
3437,003437.jpg,train2017,2,35966.0,scratch,0,1,0,0,0,0
3439,003439.jpg,train2017,3,307834.0,lamp broken,1,1,0,0,1,0
3440,003440.jpg,train2017,3,146549.0,dent,1,1,0,0,1,0
3443,003443.jpg,train2017,1,201569.0,lamp broken,0,0,0,0,1,0
3444,003444.jpg,train2017,1,123229.0,lamp broken,0,0,0,0,1,0
3446,003446.jpg,train2017,2,77879.0,scratch,0,1,0,0,0,0
3449,003449.jpg,train2017,2,381630.0,dent,1,1,0,0,0,0
3452,003452.jpg,train2017,1,91481.0,scratch,0,1,0,0,0,0
3453,003453.jpg,train2017,1,51391.0,scratch,0,1,0,0,0,0
3455,003455.jpg,train2017,5,154658.0,dent,1,1,0,0,0,0
3456,003456.jpg,train2017,6,129551.0,scratch,0,1,0,0,0,0
3458,003458.jpg,train2017,2,146033.0,dent,1,1,0,0,0,0
3459,003459.jpg,train2017,1,239455.0,scratch,0,1,0,0,0,0
3460,003460.jpg,train2017,3,213947.0,scratch,0,1,0,0,0,0
3461,003461.jpg,train2017,1,135166.0,scratch,0,1,0,0,0,0
3462,003462.jpg,train2017,1,360305.0,glass shatter,0,0,0,1,0,0
3463,003463.jpg,train2017,1,21760.0,scratch,0,1,0,0,0,0
3465,003465.jpg,train2017,2,109268.0,scratch,0,1,0,0,0,0
3466,003466.jpg,train2017,1,20500.0,scratch,0,1,0,0,0,0
3468,003468.jpg,train2017,2,73260.0,scratch,0,1,0,0,0,0
3469,003469.jpg,train2017,3,143301.0,dent,1,1,0,0,0,0
3471,003471.jpg,train2017,2,62836.0,scratch,1,1,0,0,0,0
3473,003473.jpg,train2017,2,148494.0,lamp broken,0,0,1,0,1,0
3476,003476.jpg,train2017,4,147305.0,scratch,0,1,0,0,0,0
3480,003480.jpg,train2017,5,95456.0,scratch,0,1,1,0,1,0
3483,003483.jpg,train2017,2,269545.0,scratch,1,1,0,0,0,0
3484,003484.jpg,train2017,1,78662.0,scratch,0,1,0,0,0,0
3485,003485.jpg,train2017,7,137665.0,scratch,1,1,0,0,0,0
3486,003486.jpg,train2017,1,45142.0,scratch,0,1,0,0,0,0
3487,003487.jpg,train2017,1,18859.0,scratch,0,1,0,0,0,0
3488,003488.jpg,train2017,1,23545.0,scratch,0,1,0,0,0,0
3489,003489.jpg,train2017,2,42175.0,scratch,0,1,0,0,0,0
3490,003490.jpg,train2017,1,322393.0,scratch,0,1,0,0,0,0
3491,003491.jpg,train2017,1,378054.0,scratch,0,1,0,0,0,0
3499,003499.jpg,train2017,2,58333.0,scratch,0,1,0,0,0,0
3500,003500.jpg,train2017,2,114455.0,scratch,0,1,0,0,0,0
3501,003501.jpg,train2017,1,178849.0,scratch,0,1,0,0,0,0
3502,003502.jpg,train2017,1,61853.0,scratch,0,1,0,0,0,0
3503,003503.jpg,train2017,1,249723.0,dent,1,0,0,0,0,0
3504,003504.jpg,train2017,3,32117.0,scratch,0,1,0,0,0,0
3505,003505.jpg,train2017,3,130568.0,dent,1,0,0,0,0,0
3506,003506.jpg,train2017,1,162386.0,scratch,0,1,0,0,0,0
3507,003507.jpg,train2017,1,52174.0,scratch,0,1,0,0,0,0
3508,003508.jpg,train2017,1,7174.0,scratch,0,1,0,0,0,0
3509,003509.jpg,train2017,2,43512.0,scratch,0,1,0,0,0,0
3511,003511.jpg,train2017,1,24051.0,scratch,0,1,0,0,0,0
3513,003513.jpg,train2017,2,34796.0,scratch,0,1,1,0,0,0
3514,003514.jpg,train2017,2,18149.0,scratch,0,1,1,0,0,0
3515,003515.jpg,train2017,2,53815.0,scratch,0,1,0,0,0,0
3517,003517.jpg,train2017,2,64856.0,scratch,0,1,0,0,0,0
3518,003518.jpg,train2017,2,72550.0,scratch,0,1,0,0,0,0
3519,003519.jpg,train2017,1,4750.0,scratch,0,1,0,0,0,0
3520,003520.jpg,train2017,1,43002.0,dent,1,0,0,0,0,0
3522,003522.jpg,train2017,1,26306.0,scratch,0,1,0,0,0,0
3523,003523.jpg,train2017,1,12641.0,scratch,0,1,0,0,0,0
3524,003524.jpg,train2017,2,228154.0,scratch,0,1,0,0,0,0
3525,003525.jpg,train2017,5,134699.0,dent,1,1,0,0,0,0
3526,003526.jpg,train2017,2,547399.0,scratch,1,1,0,0,0,0
3527,003527.jpg,train2017,2,43529.0,scratch,0,1,0,0,0,0
3528,003528.jpg,train2017,1,38197.0,scratch,0,1,0,0,0,0
3529,003529.jpg,train2017,1,36083.0,scratch,0,1,0,0,0,0
3530,003530.jpg,train2017,1,399191.0,scratch,0,1,0,0,0,0
3531,003531.jpg,train2017,1,235876.0,scratch,0,1,0,0,0,0
3532,003532.jpg,train2017,4,105111.0,dent,1,1,1,0,0,0
3536,003536.jpg,train2017,2,64579.0,scratch,0,1,0,0,0,0
3537,003537.jpg,train2017,3,193092.0,scratch,1,1,0,0,0,0
3538,003538.jpg,train2017,1,187410.0,scratch,0,1,0,0,0,0
3539,003539.jpg,train2017,4,89593.0,scratch,1,1,0,0,0,0
3540,003540.jpg,train2017,1,440324.0,glass shatter,0,0,0,1,0,0
3544,003544.jpg,train2017,1,20102.0,scratch,0,1,0,0,0,0
3545,003545.jpg,train2017,2,66031.0,crack,0,1,1,0,0,0
3546,003546.jpg,train2017,3,33463.0,scratch,1,1,0,0,0,0
3547,003547.jpg,train2017,1,298061.0,dent,1,0,0,0,0,0
3548,003548.jpg,train2017,5,153450.0,dent,1,1,0,1,0,0
3549,003549.jpg,train2017,2,92521.0,scratch,0,1,0,0,0,0
3551,003551.jpg,train2017,1,116576.0,dent,1,0,0,0,0,0
3552,003552.jpg,train2017,1,29949.0,dent,1,0,0,0,0,0
3553,003553.jpg,train2017,2,90786.0,scratch,0,1,0,0,0,0
3557,003557.jpg,train2017,1,13362.0,scratch,0,1,0,0,0,0
3558,003558.jpg,train2017,4,64939.0,scratch,1,1,0,0,0,0
3559,003559.jpg,train2017,1,45841.0,scratch,0,1,0,0,0,0
3560,003560.jpg,train2017,2,27063.0,scratch,0,1,0,0,0,0
3563,003563.jpg,train2017,2,51912.0,dent,1,1,0,0,0,0
3564,003564.jpg,train2017,1,7062.0,scratch,0,1,0,0,0,0
3565,003565.jpg,train2017,2,37116.0,scratch,0,1,0,0,0,0
3566,003566.jpg,train2017,4,75535.0,scratch,0,1,1,0,0,0
3567,003567.jpg,train2017,2,139981.0,scratch,0,1,0,0,0,0
3568,003568.jpg,train2017,1,17794.0,scratch,0,1,0,0,0,0
3569,003569.jpg,train2017,4,213658.0,scratch,1,1,0,0,0,0
3570,003570.jpg,train2017,1,203142.0,scratch,0,1,0,0,0,0
3571,003571.jpg,train2017,2,9792.0,dent,1,1,0,0,0,0
3572,003572.jpg,train2017,5,362623.0,dent,1,1,1,0,0,0
3575,003575.jpg,train2017,2,181652.0,scratch,0,1,1,0,0,0
3578,003578.jpg,train2017,4,153911.0,scratch,1,1,0,0,0,0
3579,003579.jpg,train2017,2,63243.0,scratch,0,1,0,0,0,0
3580,003580.jpg,train2017,6,242766.0,dent,1,1,0,0,0,0
3581,003581.jpg,train2017,3,226668.0,dent,1,1,0,0,0,0
3582,003582.jpg,train2017,5,128373.0,dent,1,1,0,0,0,0
3583,003583.jpg,train2017,2,46667.0,scratch,0,1,0,0,0,0
3584,003584.jpg,train2017,2,81244.0,scratch,0,1,0,0,0,0
3585,003585.jpg,train2017,4,74470.0,dent,1,1,0,0,1,0
3587,003587.jpg,train2017,3,132269.0,dent,1,1,1,0,0,0
3588,003588.jpg,train2017,2,74675.0,scratch,0,1,0,0,0,0
3591,003591.jpg,train2017,1,159373.0,dent,1,0,0,0,0,0
3592,003592.jpg,train2017,3,41255.0,scratch,1,1,0,0,0,0
3593,003593.jpg,train2017,2,79727.0,dent,1,1,0,0,0,0
3595,003595.jpg,train2017,2,68681.0,scratch,0,1,0,0,0,0
3596,003596.jpg,train2017,3,301913.0,dent,1,1,0,0,1,0
3597,003597.jpg,train2017,2,194520.0,scratch,0,1,0,0,0,0
3598,003598.jpg,train2017,2,32259.0,scratch,0,1,0,0,0,0
3599,003599.jpg,train2017,2,254086.0,scratch,0,1,0,0,0,0
3600,003600.jpg,train2017,5,108933.0,dent,1,1,1,0,0,0
3601,003601.jpg,train2017,1,30735.0,scratch,0,1,0,0,0,0
3602,003602.jpg,train2017,2,67582.0,scratch,1,1,0,0,0,0
3603,003603.jpg,train2017,1,125879.0,scratch,0,1,0,0,0,0
3604,003604.jpg,train2017,2,338233.0,scratch,0,1,0,0,0,0
3605,003605.jpg,train2017,2,32369.0,scratch,0,1,0,0,0,0
3606,003606.jpg,train2017,3,200620.0,scratch,0,1,1,0,0,0
3607,003607.jpg,train2017,2,30334.0,scratch,0,1,1,0,0,0
3608,003608.jpg,train2017,2,13270.0,scratch,0,1,0,0,0,0
3609,003609.jpg,train2017,1,6486.0,scratch,0,1,0,0,0,0
3610,003610.jpg,train2017,3,97651.0,scratch,1,1,0,0,0,0
3611,003611.jpg,train2017,2,130625.0,scratch,0,1,0,0,0,0
3615,003615.jpg,train2017,2,53655.0,scratch,0,1,0,0,0,0
3616,003616.jpg,train2017,3,44853.0,scratch,0,1,1,0,0,0
3617,003617.jpg,train2017,1,51821.0,scratch,0,1,0,0,0,0
3618,003618.jpg,train2017,1,138476.0,scratch,0,1,0,0,0,0
3619,003619.jpg,train2017,2,142282.0,scratch,0,1,0,0,0,0
3620,003620.jpg,train2017,2,9033.0,scratch,0,1,0,0,0,0
3621,003621.jpg,train2017,1,4867.0,scratch,0,1,0,0,0,0
3622,003622.jpg,train2017,1,33102.0,scratch,0,1,0,0,0,0
3623,003623.jpg,train2017,1,22422.0,scratch,0,1,0,0,0,0
3624,003624.jpg,train2017,3,92858.0,dent,1,1,0,0,0,0
3625,003625.jpg,train2017,1,3194.0,scratch,0,1,0,0,0,0
3628,003628.jpg,train2017,1,117950.0,scratch,0,1,0,0,0,0
3629,003629.jpg,train2017,1,363929.0,scratch,0,1,0,0,0,0
3630,003630.jpg,train2017,1,208065.0,scratch,0,1,0,0,0,0
3631,003631.jpg,train2017,2,72818.0,dent,1,1,0,0,0,0
3632,003632.jpg,train2017,1,77125.0,scratch,0,1,0,0,0,0
3633,003633.jpg,train2017,1,9546.0,scratch,0,1,0,0,0,0
3638,003638.jpg,train2017,4,121216.0,scratch,0,1,0,0,0,0
3639,003639.jpg,train2017,1,497290.0,scratch,0,1,0,0,0,0
3640,003640.jpg,train2017,1,14137.0,scratch,0,1,0,0,0,0
3641,003641.jpg,train2017,2,238811.0,dent,1,1,0,0,0,0
3642,003642.jpg,train2017,2,70573.0,scratch,0,1,0,0,0,0
3643,003643.jpg,train2017,1,41794.0,scratch,0,1,0,0,0,0
3644,003644.jpg,train2017,1,68950.0,scratch,0,1,0,0,0,0
3645,003645.jpg,train2017,1,115289.0,scratch,0,1,0,0,0,0
3646,003646.jpg,train2017,4,119993.0,scratch,1,1,0,0,0,0
3647,003647.jpg,train2017,2,18921.0,dent,1,0,1,0,0,0
3648,003648.jpg,train2017,1,94311.0,scratch,0,1,0,0,0,0
3652,003652.jpg,train2017,2,435708.0,scratch,0,1,0,0,0,0
3653,003653.jpg,train2017,3,113031.0,dent,1,1,0,0,0,0
3654,003654.jpg,train2017,2,131503.0,dent,1,1,0,0,0,0
3655,003655.jpg,train2017,1,31575.0,scratch,0,1,0,0,0,0
3660,003660.jpg,train2017,2,12687.0,scratch,0,1,0,0,0,0
3661,003661.jpg,train2017,4,65008.0,scratch,0,1,0,0,0,0
3662,003662.jpg,train2017,1,18097.0,scratch,0,1,0,0,0,0
3663,003663.jpg,train2017,2,80441.0,scratch,1,1,0,0,0,0
3664,003664.jpg,train2017,1,167823.0,dent,1,0,0,0,0,0
3665,003665.jpg,train2017,2,328413.0,scratch,0,1,0,0,0,0
3666,003666.jpg,train2017,1,267712.0,scratch,0,1,0,0,0,0
3667,003667.jpg,train2017,2,42131.0,scratch,0,1,0,0,0,0
3668,003668.jpg,train2017,1,13721.0,scratch,0,1,0,0,0,0
3669,003669.jpg,train2017,1,42016.0,scratch,0,1,0,0,0,0
3670,003670.jpg,train2017,1,822.0,crack,0,0,1,0,0,0
3674,003674.jpg,train2017,1,351195.0,scratch,0,1,0,0,0,0
3675,003675.jpg,train2017,1,350920.0,scratch,0,1,0,0,0,0
3676,003676.jpg,train2017,4,50604.0,scratch,0,1,0,0,0,0
3677,003677.jpg,train2017,3,55651.0,dent,1,1,0,0,0,0
3678,003678.jpg,train2017,1,25159.0,scratch,0,1,0,0,0,0
3679,003679.jpg,train2017,2,70422.0,scratch,0,1,0,0,0,0
3680,003680.jpg,train2017,1,72271.0,scratch,0,1,0,0,0,0
3681,003681.jpg,train2017,1,453036.0,scratch,0,1,0,0,0,0
3682,003682.jpg,train2017,1,19208.0,scratch,0,1,0,0,0,0
3685,003685.jpg,train2017,4,261105.0,scratch,0,1,0,0,0,0
3686,003686.jpg,train2017,2,384038.0,lamp broken,1,0,0,0,1,0
3687,003687.jpg,train2017,1,7319.0,scratch,0,1,0,0,0,0
3688,003688.jpg,train2017,1,11442.0,scratch,0,1,0,0,0,0
3689,003689.jpg,train2017,1,82605.0,dent,1,0,0,0,0,0
3692,003692.jpg,train2017,1,20462.0,scratch,0,1,0,0,0,0
3693,003693.jpg,train2017,1,350683.0,scratch,0,1,0,0,0,0
3694,003694.jpg,train2017,1,5816.0,crack,0,0,1,0,0,0
3697,003697.jpg,train2017,3,80110.0,scratch,1,1,0,0,0,0
3698,003698.jpg,train2017,2,128983.0,scratch,0,1,0,0,0,0
3700,003700.jpg,train2017,4,358788.0,scratch,0,1,0,0,0,0
3701,003701.jpg,train2017,2,77494.0,dent,1,0,0,0,0,0
3702,003702.jpg,train2017,2,138334.0,dent,1,0,0,0,0,0
3709,003709.jpg,train2017,1,143186.0,dent,1,0,0,0,0,0
3713,003713.jpg,train2017,1,39000.0,dent,1,0,0,0,0,0
3715,003715.jpg,train2017,2,85254.0,scratch,0,1,0,0,0,0
3716,003716.jpg,train2017,3,113283.0,scratch,0,1,0,0,0,0
3717,003717.jpg,train2017,2,90456.0,dent,1,0,0,0,0,0
3718,003718.jpg,train2017,1,276504.0,scratch,0,1,0,0,0,0
3719,003719.jpg,train2017,4,114566.0,scratch,0,1,0,0,0,0
3723,003723.jpg,train2017,1,29116.0,scratch,0,1,0,0,0,0
3724,003724.jpg,train2017,2,20935.0,scratch,0,1,0,0,0,0
3725,003725.jpg,train2017,2,384306.0,scratch,0,1,1,0,0,0
3726,003726.jpg,train2017,2,117248.0,dent,1,0,0,0,0,0
3727,003727.jpg,train2017,1,595631.0,glass shatter,0,0,0,1,0,0
3728,003728.jpg,train2017,1,478315.0,glass shatter,0,0,0,1,0,0
3729,003729.jpg,train2017,1,272957.0,glass shatter,0,0,0,1,0,0
3730,003730.jpg,train2017,1,642097.0,glass shatter,0,0,0,1,0,0
3731,003731.jpg,train2017,1,406317.0,glass shatter,0,0,0,1,0,0
3732,003732.jpg,train2017,3,166178.0,lamp broken,1,0,1,0,1,0
3733,003733.jpg,train2017,7,102422.0,lamp broken,1,1,1,0,1,0
3736,003736.jpg,train2017,3,94759.0,dent,1,0,0,0,0,0
3737,003737.jpg,train2017,1,246982.0,glass shatter,0,0,0,1,0,0
3738,003738.jpg,train2017,5,216857.0,scratch,0,1,1,0,0,0
3739,003739.jpg,train2017,6,41762.0,dent,1,1,1,0,1,1
3740,003740.jpg,train2017,4,119451.0,dent,1,1,1,0,0,0
3741,003741.jpg,train2017,5,153581.0,lamp broken,1,1,1,0,1,0
3742,003742.jpg,train2017,2,46427.0,scratch,0,1,1,0,0,0
3746,003746.jpg,train2017,2,229567.0,glass shatter,1,0,0,1,0,0
3747,003747.jpg,train2017,1,10677.0,dent,1,0,0,0,0,0
3750,003750.jpg,train2017,2,12382.0,scratch,0,1,1,0,0,0
3751,003751.jpg,train2017,3,288812.0,scratch,0,1,1,0,0,0
3752,003752.jpg,train2017,3,192044.0,scratch,1,1,1,0,0,0
3754,003754.jpg,train2017,1,596561.0,glass shatter,0,0,0,1,0,0
3755,003755.jpg,train2017,1,465820.0,glass shatter,0,0,0,1,0,0
3756,003756.jpg,train2017,3,191845.0,scratch,1,1,0,0,1,0
3757,003757.jpg,train2017,2,82034.0,crack,0,0,1,0,0,0
3758,003758.jpg,train2017,2,123594.0,crack,0,0,1,0,0,0
3759,003759.jpg,train2017,1,23773.0,crack,0,0,1,0,0,0
3760,003760.jpg,train2017,2,67026.0,scratch,0,1,0,0,0,0
3761,003761.jpg,train2017,5,208895.0,dent,1,1,1,0,0,0
3762,003762.jpg,train2017,1,616146.0,glass shatter,0,0,0,1,0,0
3763,003763.jpg,train2017,1,245965.0,glass shatter,0,0,0,1,0,0
3764,003764.jpg,train2017,3,222805.0,lamp broken,0,1,1,0,1,0
3765,003765.jpg,train2017,1,530638.0,glass shatter,0,0,0,1,0,0
3766,003766.jpg,train2017,4,533587.0,glass shatter,1,0,0,1,0,0
3767,003767.jpg,train2017,1,661998.0,glass shatter,0,0,0,1,0,0
3771,003771.jpg,train2017,1,667000.0,glass shatter,0,0,0,1,0,0
3772,003772.jpg,train2017,1,408237.0,glass shatter,0,0,0,1,0,0
3773,003773.jpg,train2017,2,335892.0,glass shatter,1,0,0,1,0,0
3774,003774.jpg,train2017,1,180173.0,dent,1,0,0,0,0,0
3775,003775.jpg,train2017,1,594225.0,glass shatter,0,0,0,1,0,0
3776,003776.jpg,train2017,1,101758.0,glass shatter,0,0,0,1,0,0
3777,003777.jpg,train2017,1,617055.0,glass shatter,0,0,0,1,0,0
3778,003778.jpg,train2017,3,207720.0,lamp broken,1,1,0,0,1,0
3779,003779.jpg,train2017,3,43032.0,lamp broken,1,1,0,0,1,0
3780,003780.jpg,train2017,3,268297.0,lamp broken,1,1,0,0,1,0
3781,003781.jpg,train2017,1,1065.0,scratch,0,1,0,0,0,0
3784,003784.jpg,train2017,2,146884.0,glass shatter,1,0,0,1,0,0
3786,003786.jpg,train2017,1,490073.0,glass shatter,0,0,0,1,0,0
3787,003787.jpg,train2017,2,377306.0,glass shatter,1,0,0,1,0,0
3788,003788.jpg,train2017,1,324186.0,glass shatter,0,0,0,1,0,0
3790,003790.jpg,train2017,1,405111.0,glass shatter,0,0,0,1,0,0
3791,003791.jpg,train2017,1,632292.0,glass shatter,0,0,0,1,0,0
3792,003792.jpg,train2017,1,306962.0,glass shatter,0,0,0,1,0,0
3794,003794.jpg,train2017,2,521235.0,glass shatter,1,0,0,1,0,0
3797,003797.jpg,train2017,1,674000.0,glass shatter,0,0,0,1,0,0
3798,003798.jpg,train2017,1,655000.0,glass shatter,0,0,0,1,0,0
3799,003799.jpg,train2017,1,667000.0,glass shatter,0,0,0,1,0,0
3800,003800.jpg,train2017,1,523568.0,glass shatter,0,0,0,1,0,0
3801,003801.jpg,train2017,1,667000.0,glass shatter,0,0,0,1,0,0
3802,003802.jpg,train2017,1,406532.0,glass shatter,0,0,0,1,0,0
3803,003803.jpg,train2017,1,547464.0,glass shatter,0,0,0,1,0,0
3807,003807.jpg,train2017,1,167258.0,glass shatter,0,0,0,1,0,0
3808,003808.jpg,train2017,1,395602.0,glass shatter,0,0,0,1,0,0
3809,003809.jpg,train2017,2,198841.0,glass shatter,0,0,0,1,0,0
3810,003810.jpg,train2017,2,187715.0,glass shatter,0,0,0,1,0,0
3811,003811.jpg,train2017,1,660473.0,glass shatter,0,0,0,1,0,0
3814,003814.jpg,train2017,1,433164.0,glass shatter,0,0,0,1,0,0
3815,003815.jpg,train2017,6,94544.0,lamp broken,1,0,1,0,1,0
3816,003816.jpg,train2017,4,111532.0,lamp broken,0,0,1,0,1,0
3817,003817.jpg,train2017,1,659238.0,glass shatter,0,0,0,1,0,0
3819,003819.jpg,train2017,1,100539.0,glass shatter,0,0,0,1,0,0
3820,003820.jpg,train2017,3,61125.0,scratch,1,1,0,0,0,0
3821,003821.jpg,train2017,2,199670.0,scratch,1,1,0,0,0,0
3822,003822.jpg,train2017,5,242721.0,glass shatter,1,0,0,1,0,0
3824,003824.jpg,train2017,5,119966.0,scratch,0,1,0,0,0,0
3825,003825.jpg,train2017,4,78342.0,lamp broken,1,1,0,0,1,0
3826,003826.jpg,train2017,3,24647.0,scratch,0,1,0,0,0,0
3827,003827.jpg,train2017,5,35310.0,dent,1,1,1,0,0,0
3835,003835.jpg,train2017,3,5529.0,dent,1,0,1,0,0,0
3837,003837.jpg,train2017,5,159576.0,scratch,0,1,1,0,1,0
3838,003838.jpg,train2017,3,24585.0,scratch,0,1,1,0,0,0
3839,003839.jpg,train2017,2,129760.0,scratch,0,1,0,0,0,0
3841,003841.jpg,train2017,1,22045.0,dent,1,0,0,0,0,0
3844,003844.jpg,train2017,5,271051.0,lamp broken,1,1,0,0,1,0
3845,003845.jpg,train2017,4,139871.0,lamp broken,1,0,1,0,1,0
3846,003846.jpg,train2017,4,71848.0,glass shatter,0,1,1,1,1,0
3847,003847.jpg,train2017,5,102061.0,glass shatter,0,1,0,1,0,0
3848,003848.jpg,train2017,3,230106.0,lamp broken,0,1,1,0,1,0
3850,003850.jpg,train2017,1,91415.0,dent,1,0,0,0,0,0
3851,003851.jpg,train2017,1,97627.0,lamp broken,0,0,0,0,1,0
3852,003852.jpg,train2017,3,61687.0,lamp broken,1,1,0,0,1,0
3853,003853.jpg,train2017,2,26640.0,lamp broken,0,1,0,0,1,0
3854,003854.jpg,train2017,1,324548.0,glass shatter,0,0,0,1,0,0
3855,003855.jpg,train2017,1,386511.0,glass shatter,0,0,0,1,0,0
3856,003856.jpg,train2017,1,750000.0,glass shatter,0,0,0,1,0,0
3857,003857.jpg,train2017,1,609700.0,glass shatter,0,0,0,1,0,0
3860,003860.jpg,train2017,2,83749.0,scratch,0,1,0,0,0,0
3861,003861.jpg,train2017,2,18489.0,scratch,1,1,0,0,0,0
3862,003862.jpg,train2017,2,31097.0,lamp broken,1,0,0,0,1,0
3863,003863.jpg,train2017,3,97330.0,dent,1,1,0,0,0,0
3864,003864.jpg,train2017,3,242083.0,dent,1,1,0,0,0,0
3865,003865.jpg,train2017,2,330970.0,dent,1,0,0,0,0,0
3866,003866.jpg,train2017,1,125735.0,dent,1,0,0,0,0,0
3867,003867.jpg,train2017,6,115016.0,lamp broken,1,1,1,0,1,0
3868,003868.jpg,train2017,7,214194.0,dent,1,0,1,0,1,1
3869,003869.jpg,train2017,5,134677.0,dent,1,1,1,0,1,0
3870,003870.jpg,train2017,1,25256.0,scratch,0,1,0,0,0,0
3871,003871.jpg,train2017,1,664969.0,glass shatter,0,0,0,1,0,0
3873,003873.jpg,train2017,2,21126.0,scratch,0,1,0,0,0,0
3877,003877.jpg,train2017,2,129987.0,glass shatter,0,0,0,1,0,0
3878,003878.jpg,train2017,1,388259.0,glass shatter,0,0,0,1,0,0
3880,003880.jpg,train2017,1,103425.0,glass shatter,0,0,0,1,0,0
3881,003881.jpg,train2017,1,324305.0,glass shatter,0,0,0,1,0,0
3882,003882.jpg,train2017,1,422786.0,glass shatter,0,0,0,1,0,0
3883,003883.jpg,train2017,4,76180.0,lamp broken,1,1,1,0,1,0
3884,003884.jpg,train2017,7,203900.0,dent,1,1,1,0,1,0
3885,003885.jpg,train2017,1,597103.0,glass shatter,0,0,0,1,0,0
3886,003886.jpg,train2017,2,380145.0,tire flat,1,0,0,0,0,1
3888,003888.jpg,train2017,5,134542.0,tire flat,1,0,0,0,1,1
3890,003890.jpg,train2017,6,112020.0,dent,1,1,1,0,0,0
3891,003891.jpg,train2017,3,89728.0,dent,1,0,0,0,0,0
3892,003892.jpg,train2017,6,187570.0,lamp broken,1,1,0,0,1,0
3893,003893.jpg,train2017,2,37171.0,scratch,0,1,0,0,0,0
3894,003894.jpg,train2017,1,33089.0,scratch,0,1,0,0,0,0
3895,003895.jpg,train2017,1,398245.0,tire flat,0,0,0,0,0,1
3897,003897.jpg,train2017,1,503980.0,glass shatter,0,0,0,1,0,0
3898,003898.jpg,train2017,1,300608.0,glass shatter,0,0,0,1,0,0
3899,003899.jpg,train2017,2,39777.0,scratch,0,1,0,0,0,0
3900,003900.jpg,train2017,1,540897.0,glass shatter,0,0,0,1,0,0
3901,003901.jpg,train2017,1,443635.0,glass shatter,0,0,0,1,0,0
3902,003902.jpg,train2017,1,618864.0,glass shatter,0,0,0,1,0,0
3903,003903.jpg,train2017,1,632297.0,glass shatter,0,0,0,1,0,0
3904,003904.jpg,train2017,1,435898.0,glass shatter,0,0,0,1,0,0
3907,003907.jpg,train2017,2,53078.0,scratch,0,1,1,0,0,0
3911,003911.jpg,train2017,1,330195.0,glass shatter,0,0,0,1,0,0
3913,003913.jpg,train2017,1,71683.0,dent,1,0,0,0,0,0
3914,003914.jpg,train2017,1,322463.0,glass shatter,0,0,0,1,0,0
3915,003915.jpg,train2017,1,152756.0,dent,1,0,0,0,0,0
3916,003916.jpg,train2017,8,291575.0,tire flat,1,1,1,0,1,1
3917,003917.jpg,train2017,1,63821.0,dent,1,0,0,0,0,0
3918,003918.jpg,train2017,1,633845.0,glass shatter,0,0,0,1,0,0
3919,003919.jpg,train2017,1,636012.0,glass shatter,0,0,0,1,0,0
3920,003920.jpg,train2017,1,604836.0,glass shatter,0,0,0,1,0,0
3921,003921.jpg,train2017,1,47544.0,scratch,0,1,0,0,0,0
3922,003922.jpg,train2017,5,51034.0,scratch,0,1,0,0,0,0
3923,003923.jpg,train2017,2,118126.0,glass shatter,1,0,0,1,0,0
3924,003924.jpg,train2017,1,299986.0,glass shatter,0,0,0,1,0,0
3926,003926.jpg,train2017,1,92893.0,tire flat,0,0,0,0,0,1
3927,003927.jpg,train2017,3,268998.0,lamp broken,1,0,1,0,1,0
3928,003928.jpg,train2017,3,27260.0,scratch,1,1,0,0,0,0
3931,003931.jpg,train2017,1,311639.0,glass shatter,0,0,0,1,0,0
3932,003932.jpg,train2017,2,153390.0,scratch,1,1,0,0,0,0
3933,003933.jpg,train2017,1,520049.0,glass shatter,0,0,0,1,0,0
3934,003934.jpg,train2017,1,351951.0,glass shatter,0,0,0,1,0,0
3936,003936.jpg,train2017,3,27072.0,scratch,0,1,1,0,0,0
3937,003937.jpg,train2017,1,88861.0,scratch,0,1,0,0,0,0
3939,003939.jpg,train2017,6,174947.0,lamp broken,1,1,0,0,1,0
3940,003940.jpg,train2017,1,565488.0,glass shatter,0,0,0,1,0,0
3941,003941.jpg,train2017,2,136894.0,dent,1,1,0,0,0,0
3942,003942.jpg,train2017,2,165160.0,lamp broken,1,0,0,0,1,0
3943,003943.jpg,train2017,4,278906.0,dent,1,1,0,0,0,0
3944,003944.jpg,train2017,3,318475.0,glass shatter,1,1,0,1,0,0
3945,003945.jpg,train2017,1,273390.0,glass shatter,0,0,0,1,0,0
3946,003946.jpg,train2017,3,114421.0,scratch,1,1,0,0,0,0
3949,003949.jpg,train2017,1,314548.0,glass shatter,0,0,0,1,0,0
3950,003950.jpg,train2017,4,56064.0,dent,1,0,1,0,1,0
3951,003951.jpg,train2017,1,76257.0,scratch,0,1,0,0,0,0
3952,003952.jpg,train2017,1,617185.0,glass shatter,0,0,0,1,0,0
3953,003953.jpg,train2017,1,629502.0,glass shatter,0,0,0,1,0,0
3954,003954.jpg,train2017,1,333323.0,glass shatter,0,0,0,1,0,0
3955,003955.jpg,train2017,1,96885.0,scratch,0,1,0,0,0,0
3957,003957.jpg,train2017,1,411969.0,glass shatter,0,0,0,1,0,0
3958,003958.jpg,train2017,1,533441.0,glass shatter,0,0,0,1,0,0
3964,003964.jpg,train2017,5,122049.0,dent,1,1,1,0,1,0
3965,003965.jpg,train2017,3,152456.0,lamp broken,0,1,1,0,1,0
3968,003968.jpg,train2017,4,154156.0,scratch,1,1,0,0,0,0
3969,003969.jpg,train2017,6,292070.0,glass shatter,1,0,0,1,1,0
3970,003970.jpg,train2017,2,597853.0,glass shatter,1,0,0,1,0,0
3971,003971.jpg,train2017,1,225907.0,glass shatter,0,0,0,1,0,0
3972,003972.jpg,train2017,1,228606.0,glass shatter,0,0,0,1,0,0
3973,003973.jpg,train2017,1,667000.0,glass shatter,0,0,0,1,0,0
3974,003974.jpg,train2017,1,563361.0,glass shatter,0,0,0,1,0,0
3975,003975.jpg,train2017,1,283198.0,glass shatter,0,0,0,1,0,0
3976,003976.jpg,train2017,1,310965.0,glass shatter,0,0,0,1,0,0
3978,003978.jpg,train2017,4,61208.0,dent,1,1,0,0,0,0
3979,003979.jpg,train2017,1,8997.0,dent,1,0,0,0,0,0
3980,003980.jpg,train2017,1,160307.0,dent,1,0,0,0,0,0
3981,003981.jpg,train2017,1,68937.0,dent,1,0,0,0,0,0
3983,003983.jpg,train2017,1,19803.0,scratch,0,1,0,0,0,0
3984,003984.jpg,train2017,2,473828.0,glass shatter,0,0,0,1,0,0
3985,003985.jpg,train2017,2,63687.0,scratch,0,1,0,0,0,0
3986,003986.jpg,train2017,4,28229.0,scratch,0,1,1,0,0,0
3987,003987.jpg,train2017,1,314536.0,glass shatter,0,0,0,1,0,0
3988,003988.jpg,train2017,1,278302.0,glass shatter,0,0,0,1,0,0
3989,003989.jpg,train2017,1,339655.0,glass shatter,0,0,0,1,0,0
3990,003990.jpg,train2017,1,371155.0,glass shatter,0,0,0,1,0,0
3997,003997.jpg,train2017,1,667000.0,glass shatter,0,0,0,1,0,0
3998,003998.jpg,train2017,4,31258.0,scratch,1,1,1,0,0,0
4000,004000.jpg,train2017,2,314500.0,tire flat,1,0,0,0,0,1
13,000013.jpg,val2017,4,65581.0,tire flat,0,0,1,1,0,1
16,000016.jpg,val2017,4,43437.0,dent,1,1,0,0,0,0
17,000017.jpg,val2017,1,46140.0,scratch,0,1,0,0,0,0
24,000024.jpg,val2017,2,109457.0,scratch,0,1,0,0,0,0
25,000025.jpg,val2017,2,146555.0,scratch,0,1,0,0,0,0
34,000034.jpg,val2017,5,111094.0,dent,1,1,1,0,1,0
35,000035.jpg,val2017,7,265573.0,dent,1,1,1,0,1,0
38,000038.jpg,val2017,4,132851.0,dent,1,0,0,0,1,0
47,000047.jpg,val2017,3,189716.0,lamp broken,1,0,0,0,1,0
54,000054.jpg,val2017,3,135352.0,tire flat,0,1,0,0,1,1
58,000058.jpg,val2017,1,98845.0,tire flat,0,0,0,0,0,1
59,000059.jpg,val2017,1,60809.0,tire flat,0,0,0,0,0,1
60,000060.jpg,val2017,1,144076.0,tire flat,0,0,0,0,0,1
80,000080.jpg,val2017,4,217728.0,tire flat,1,0,0,0,1,1
83,000083.jpg,val2017,3,258287.0,lamp broken,0,1,0,0,1,0
84,000084.jpg,val2017,2,23166.0,crack,0,0,1,0,0,0
86,000086.jpg,val2017,5,180680.0,dent,1,1,1,0,0,0
89,000089.jpg,val2017,1,14079.0,crack,0,0,1,0,0,0
91,000091.jpg,val2017,1,437801.0,glass shatter,0,0,0,1,0,0
97,000097.jpg,val2017,1,387630.0,scratch,0,1,0,0,0,0
102,000102.jpg,val2017,2,220916.0,lamp broken,0,0,1,0,1,0
103,000103.jpg,val2017,2,262144.0,glass shatter,1,0,0,1,0,0
105,000105.jpg,val2017,2,82615.0,scratch,0,1,0,0,0,0
107,000107.jpg,val2017,3,67300.0,scratch,0,1,0,0,0,0
109,000109.jpg,val2017,1,15973.0,scratch,0,1,0,0,0,0
110,000110.jpg,val2017,1,9322.0,scratch,0,1,0,0,0,0
130,000130.jpg,val2017,2,24948.0,crack,0,0,1,0,0,0
136,000136.jpg,val2017,1,146639.0,lamp broken,0,0,0,0,1,0
137,000137.jpg,val2017,2,206915.0,lamp broken,0,1,0,0,1,0
146,000146.jpg,val2017,1,24829.0,crack,0,0,1,0,0,0
149,000149.jpg,val2017,1,53627.0,crack,0,0,1,0,0,0
156,000156.jpg,val2017,2,245560.0,lamp broken,0,1,0,0,1,0
157,000157.jpg,val2017,1,5227.0,crack,0,0,1,0,0,0
159,000159.jpg,val2017,4,84058.0,lamp broken,1,1,0,0,1,0
166,000166.jpg,val2017,1,509592.0,glass shatter,0,0,0,1,0,0
167,000167.jpg,val2017,1,277202.0,glass shatter,0,0,0,1,0,0
176,000176.jpg,val2017,1,143148.0,glass shatter,0,0,0,1,0,0
177,000177.jpg,val2017,1,345553.0,glass shatter,0,0,0,1,0,0
186,000186.jpg,val2017,1,96973.0,glass shatter,0,0,0,1,0,0
187,000187.jpg,val2017,1,174557.0,glass shatter,0,0,0,1,0,0
192,000192.jpg,val2017,1,295454.0,lamp broken,0,0,0,0,1,0
193,000193.jpg,val2017,2,29195.0,dent,1,0,0,0,1,0
205,000205.jpg,val2017,1,366513.0,glass shatter,0,0,0,1,0,0
206,000206.jpg,val2017,1,655611.0,glass shatter,0,0,0,1,0,0
215,000215.jpg,val2017,1,710084.0,glass shatter,0,0,0,1,0,0
216,000216.jpg,val2017,1,565656.0,glass shatter,0,0,0,1,0,0
225,000225.jpg,val2017,1,228072.0,glass shatter,0,0,0,1,0,0
226,000226.jpg,val2017,1,384749.0,glass shatter,0,0,0,1,0,0
235,000235.jpg,val2017,1,383912.0,glass shatter,0,0,0,1,0,0
239,000239.jpg,val2017,1,7052.0,crack,0,0,1,0,0,0
241,000241.jpg,val2017,1,6543.0,crack,0,0,1,0,0,0
242,000242.jpg,val2017,1,443664.0,glass shatter,0,0,0,1,0,0
243,000243.jpg,val2017,1,19589.0,crack,0,0,1,0,0,0
244,000244.jpg,val2017,1,9526.0,crack,0,0,1,0,0,0
254,000254.jpg,val2017,2,200959.0,glass shatter,1,0,0,1,0,0
255,000255.jpg,val2017,1,567738.0,glass shatter,0,0,0,1,0,0
259,000259.jpg,val2017,1,648251.0,glass shatter,0,0,0,1,0,0
260,000260.jpg,val2017,1,668000.0,glass shatter,0,0,0,1,0,0
268,000268.jpg,val2017,3,242554.0,lamp broken,1,0,0,1,1,0
270,000270.jpg,val2017,4,278371.0,lamp broken,0,1,1,0,1,0
271,000271.jpg,val2017,3,164897.0,lamp broken,0,1,0,0,1,0
272,000272.jpg,val2017,1,357799.0,lamp broken,0,0,0,0,1,0
278,000278.jpg,val2017,1,242090.0,glass shatter,0,0,0,1,0,0
289,000289.jpg,val2017,1,396144.0,glass shatter,0,0,0,1,0,0
290,000290.jpg,val2017,1,342864.0,glass shatter,0,0,0,1,0,0
294,000294.jpg,val2017,2,142473.0,lamp broken,0,1,0,0,1,0
299,000299.jpg,val2017,1,191462.0,lamp broken,0,0,0,0,1,0
300,000300.jpg,val2017,1,157357.0,lamp broken,0,0,0,0,1,0
301,000301.jpg,val2017,2,144123.0,lamp broken,0,1,0,0,1,0
311,000311.jpg,val2017,1,585741.0,glass shatter,0,0,0,1,0,0
312,000312.jpg,val2017,4,460624.0,glass shatter,1,0,0,1,0,0
321,000321.jpg,val2017,1,246656.0,glass shatter,0,0,0,1,0,0
322,000322.jpg,val2017,1,667000.0,glass shatter,0,0,0,1,0,0
331,000331.jpg,val2017,1,211218.0,glass shatter,0,0,0,1,0,0
332,000332.jpg,val2017,1,548547.0,glass shatter,0,0,0,1,0,0
341,000341.jpg,val2017,2,248183.0,glass shatter,0,0,0,1,0,0
342,000342.jpg,val2017,1,274717.0,glass shatter,0,0,0,1,0,0
343,000343.jpg,val2017,1,236809.0,glass shatter,0,0,0,1,0,0
347,000347.jpg,val2017,2,34647.0,dent,1,0,0,0,1,0
350,000350.jpg,val2017,5,357273.0,dent,1,1,0,0,0,0
352,000352.jpg,val2017,1,18347.0,scratch,0,1,0,0,0,0
354,000354.jpg,val2017,1,156244.0,tire flat,0,0,0,0,0,1
355,000355.jpg,val2017,1,281925.0,tire flat,0,0,0,0,0,1
356,000356.jpg,val2017,4,268940.0,dent,1,1,0,0,0,0
376,000376.jpg,val2017,3,119155.0,lamp broken,0,1,0,0,1,0
378,000378.jpg,val2017,4,86595.0,dent,1,1,0,0,1,0
381,000381.jpg,val2017,3,118355.0,dent,1,1,0,0,0,0
385,000385.jpg,val2017,3,284648.0,tire flat,1,1,0,0,0,1
405,000405.jpg,val2017,4,254454.0,lamp broken,1,1,0,0,1,0
407,000407.jpg,val2017,5,248023.0,scratch,1,1,0,0,1,0
417,000417.jpg,val2017,1,34689.0,scratch,0,1,0,0,0,0
418,000418.jpg,val2017,2,89259.0,scratch,0,1,0,0,0,0
423,000423.jpg,val2017,1,46488.0,dent,1,0,0,0,0,0
426,000426.jpg,val2017,4,167468.0,scratch,1,1,0,0,0,0
427,000427.jpg,val2017,1,64500.0,scratch,0,1,0,0,0,0
439,000439.jpg,val2017,5,164149.0,lamp broken,1,1,0,0,1,0
445,000445.jpg,val2017,1,136518.0,scratch,0,1,0,0,0,0
454,000454.jpg,val2017,2,40112.0,dent,1,0,0,0,0,0
469,000469.jpg,val2017,1,310850.0,glass shatter,0,0,0,1,0,0
470,000470.jpg,val2017,1,115163.0,glass shatter,0,0,0,1,0,0
475,000475.jpg,val2017,1,213566.0,dent,1,0,0,0,0,0
482,000482.jpg,val2017,1,66625.0,scratch,0,1,0,0,0,0
483,000483.jpg,val2017,2,58739.0,dent,1,1,0,0,0,0
491,000491.jpg,val2017,6,198730.0,dent,1,1,0,0,0,0
492,000492.jpg,val2017,3,368897.0,scratch,1,1,0,0,0,0
493,000493.jpg,val2017,3,146364.0,dent,1,1,0,0,0,0
495,000495.jpg,val2017,3,354282.0,dent,1,1,1,0,0,0
497,000497.jpg,val2017,1,129154.0,scratch,0,1,0,0,0,0
515,000515.jpg,val2017,1,273287.0,dent,1,0,0,0,0,0
516,000516.jpg,val2017,6,92481.0,dent,1,1,1,0,0,0
517,000517.jpg,val2017,1,74212.0,dent,1,0,0,0,0,0
521,000521.jpg,val2017,1,8032.0,scratch,0,1,0,0,0,0
524,000524.jpg,val2017,1,34205.0,dent,1,0,0,0,0,0
531,000531.jpg,val2017,4,24563.0,dent,1,1,1,0,0,0
532,000532.jpg,val2017,3,231526.0,lamp broken,1,1,0,0,1,0
537,000537.jpg,val2017,1,35817.0,dent,1,0,0,0,0,0
538,000538.jpg,val2017,4,141275.0,dent,1,0,1,0,1,0
542,000542.jpg,val2017,2,29087.0,scratch,0,1,0,0,0,0
544,000544.jpg,val2017,1,22792.0,dent,1,0,0,0,0,0
552,000552.jpg,val2017,1,2001.0,crack,0,0,1,0,0,0
561,000561.jpg,val2017,3,69909.0,scratch,0,1,1,0,0,0
571,000571.jpg,val2017,3,54391.0,dent,1,0,1,0,0,0
572,000572.jpg,val2017,2,186471.0,dent,1,1,0,0,0,0
573,000573.jpg,val2017,1,262417.0,glass shatter,0,0,0,1,0,0
575,000575.jpg,val2017,9,117898.0,dent,1,1,1,0,0,0
576,000576.jpg,val2017,1,5677.0,crack,0,0,1,0,0,0
577,000577.jpg,val2017,1,329511.0,glass shatter,0,0,0,1,0,0
578,000578.jpg,val2017,3,211185.0,dent,1,0,1,0,0,0
579,000579.jpg,val2017,3,101257.0,tire flat,1,0,0,0,0,1
595,000595.jpg,val2017,1,269587.0,tire flat,0,0,0,0,0,1
604,000604.jpg,val2017,2,108697.0,tire flat,0,0,0,0,0,1
605,000605.jpg,val2017,1,184908.0,tire flat,0,0,0,0,0,1
614,000614.jpg,val2017,2,69664.0,dent,1,0,0,0,0,0
626,000626.jpg,val2017,6,201414.0,scratch,1,1,0,0,0,0
631,000631.jpg,val2017,1,28405.0,dent,1,0,0,0,0,0
632,000632.jpg,val2017,1,50467.0,dent,1,0,0,0,0,0
640,000640.jpg,val2017,1,252314.0,scratch,0,1,0,0,0,0
641,000641.jpg,val2017,2,205013.0,dent,1,0,0,0,0,0
653,000653.jpg,val2017,4,240718.0,dent,1,1,0,0,0,0
655,000655.jpg,val2017,2,240815.0,dent,1,0,0,0,1,0
660,000660.jpg,val2017,1,237473.0,tire flat,0,0,0,0,0,1
661,000661.jpg,val2017,1,261909.0,tire flat,0,0,0,0,0,1
671,000671.jpg,val2017,1,231483.0,tire flat,0,0,0,0,0,1
672,000672.jpg,val2017,1,303272.0,tire flat,0,0,0,0,0,1
678,000678.jpg,val2017,2,315789.0,scratch,1,1,0,0,0,0
699,000699.jpg,val2017,3,233231.0,scratch,0,1,0,0,0,0
700,000700.jpg,val2017,3,71857.0,lamp broken,1,1,0,0,1,0
703,000703.jpg,val2017,1,67216.0,scratch,0,1,0,0,0,0
704,000704.jpg,val2017,2,229142.0,scratch,0,1,0,0,1,0
707,000707.jpg,val2017,2,34154.0,dent,1,0,0,0,0,0
721,000721.jpg,val2017,1,173384.0,tire flat,0,0,0,0,0,1
722,000722.jpg,val2017,1,124183.0,tire flat,0,0,0,0,0,1
731,000731.jpg,val2017,1,142711.0,tire flat,0,0,0,0,0,1
732,000732.jpg,val2017,1,357082.0,tire flat,0,0,0,0,0,1
748,000748.jpg,val2017,3,86871.0,tire flat,1,0,0,0,0,1
750,000750.jpg,val2017,1,118300.0,tire flat,0,0,0,0,0,1
751,000751.jpg,val2017,1,110963.0,tire flat,0,0,0,0,0,1
767,000767.jpg,val2017,2,271269.0,scratch,0,1,0,0,1,0
769,000769.jpg,val2017,1,29592.0,scratch,0,1,0,0,0,0
784,000784.jpg,val2017,1,9430.0,crack,0,0,1,0,0,0
789,000789.jpg,val2017,1,410542.0,glass shatter,0,0,0,1,0,0
790,000790.jpg,val2017,1,153868.0,glass shatter,0,0,0,1,0,0
810,000810.jpg,val2017,3,140322.0,dent,1,1,0,0,0,0
812,000812.jpg,val2017,2,122381.0,scratch,0,1,0,0,0,0
824,000824.jpg,val2017,1,159935.0,tire flat,0,0,0,0,0,1
825,000825.jpg,val2017,1,219244.0,tire flat,0,0,0,0,0,1
832,000832.jpg,val2017,3,5490.0,crack,0,0,1,0,0,0
835,000835.jpg,val2017,4,57922.0,scratch,1,1,0,0,0,0
836,000836.jpg,val2017,2,77357.0,scratch,0,1,0,0,0,0
852,000852.jpg,val2017,2,266663.0,glass shatter,1,0,0,1,0,0
853,000853.jpg,val2017,2,251982.0,glass shatter,1,0,0,1,0,0
857,000857.jpg,val2017,1,7206.0,crack,0,0,1,0,0,0
858,000858.jpg,val2017,3,300029.0,dent,1,1,0,0,0,0
859,000859.jpg,val2017,1,195710.0,scratch,0,1,0,0,0,0
860,000860.jpg,val2017,4,252753.0,dent,1,1,0,0,0,0
876,000876.jpg,val2017,3,68550.0,dent,1,1,0,0,0,0
890,000890.jpg,val2017,1,341904.0,glass shatter,0,0,0,1,0,0
891,000891.jpg,val2017,3,56121.0,dent,1,0,1,0,0,0
892,000892.jpg,val2017,3,38628.0,dent,1,0,1,0,0,0
906,000906.jpg,val2017,4,38704.0,lamp broken,1,1,1,0,1,0
910,000910.jpg,val2017,1,11352.0,dent,1,0,0,0,0,0
928,000928.jpg,val2017,4,64395.0,lamp broken,1,0,1,0,1,0
929,000929.jpg,val2017,1,20936.0,dent,1,0,0,0,0,0
930,000930.jpg,val2017,4,72594.0,glass shatter,1,1,1,1,0,0
931,000931.jpg,val2017,1,234986.0,dent,1,0,0,0,0,0
932,000932.jpg,val2017,4,121844.0,lamp broken,1,1,1,0,1,0
933,000933.jpg,val2017,1,649211.0,glass shatter,0,0,0,1,0,0
934,000934.jpg,val2017,1,412775.0,glass shatter,0,0,0,1,0,0
935,000935.jpg,val2017,2,384098.0,glass shatter,1,0,0,1,0,0
952,000952.jpg,val2017,2,329243.0,lamp broken,0,1,0,0,1,0
957,000957.jpg,val2017,1,88827.0,lamp broken,0,0,0,0,1,0
958,000958.jpg,val2017,1,68956.0,lamp broken,0,0,0,0,1,0
960,000960.jpg,val2017,1,107239.0,lamp broken,0,0,0,0,1,0
970,000970.jpg,val2017,1,324601.0,tire flat,0,0,0,0,0,1
971,000971.jpg,val2017,1,202216.0,tire flat,0,0,0,0,0,1
972,000972.jpg,val2017,2,261730.0,scratch,1,1,0,0,0,0
974,000974.jpg,val2017,2,232044.0,lamp broken,0,1,0,0,1,0
976,000976.jpg,val2017,1,140463.0,scratch,0,1,0,0,0,0
989,000989.jpg,val2017,1,112553.0,dent,1,0,0,0,0,0
990,000990.jpg,val2017,3,233245.0,dent,1,0,0,0,0,0
1000,001000.jpg,val2017,2,497084.0,lamp broken,1,0,0,0,1,0
1002,001002.jpg,val2017,1,334022.0,glass shatter,0,0,0,1,0,0
1006,001006.jpg,val2017,4,155001.0,dent,1,0,0,0,1,0
1007,001007.jpg,val2017,1,255068.0,tire flat,0,0,0,0,0,1
1008,001008.jpg,val2017,1,155553.0,tire flat,0,0,0,0,0,1
1017,001017.jpg,val2017,1,265089.0,tire flat,0,0,0,0,0,1
1018,001018.jpg,val2017,1,266645.0,tire flat,0,0,0,0,0,1
1025,001025.jpg,val2017,1,336847.0,tire flat,0,0,0,0,0,1
1026,001026.jpg,val2017,1,418360.0,tire flat,0,0,0,0,0,1
1045,001045.jpg,val2017,4,94076.0,lamp broken,1,1,0,0,1,0
1060,001060.jpg,val2017,1,254432.0,tire flat,0,0,0,0,0,1
1061,001061.jpg,val2017,1,155668.0,tire flat,0,0,0,0,0,1
1062,001062.jpg,val2017,1,156532.0,tire flat,0,0,0,0,0,1
1063,001063.jpg,val2017,1,160118.0,tire flat,0,0,0,0,0,1
1079,001079.jpg,val2017,1,128890.0,tire flat,0,0,0,0,0,1
1087,001087.jpg,val2017,5,98617.0,tire flat,0,1,1,0,0,1
1089,001089.jpg,val2017,1,384573.0,tire flat,0,0,0,0,0,1
1090,001090.jpg,val2017,2,112797.0,tire flat,0,1,0,0,0,1
1099,001099.jpg,val2017,1,273170.0,tire flat,0,0,0,0,0,1
1100,001100.jpg,val2017,1,166915.0,tire flat,0,0,0,0,0,1
1105,001105.jpg,val2017,3,86890.0,dent,1,1,0,0,0,0
1108,001108.jpg,val2017,3,64928.0,scratch,0,1,1,0,0,0
1109,001109.jpg,val2017,1,2857.0,crack,0,0,1,0,0,0
1120,001120.jpg,val2017,3,52653.0,dent,1,0,1,0,0,0
1124,001124.jpg,val2017,4,121877.0,dent,1,0,1,0,1,0
1128,001128.jpg,val2017,6,143801.0,dent,1,1,1,0,1,0
1131,001131.jpg,val2017,5,62658.0,scratch,0,1,0,0,0,0
1134,001134.jpg,val2017,2,135738.0,dent,1,1,0,0,0,0
1135,001135.jpg,val2017,1,27776.0,scratch,0,1,0,0,0,0
1141,001141.jpg,val2017,5,78722.0,scratch,0,1,1,0,0,0
1152,001152.jpg,val2017,1,235306.0,glass shatter,0,0,0,1,0,0
1159,001159.jpg,val2017,1,263437.0,glass shatter,0,0,0,1,0,0
1164,001164.jpg,val2017,1,110101.0,tire flat,0,0,0,0,0,1
1171,001171.jpg,val2017,1,192843.0,dent,1,0,0,0,0,0
1172,001172.jpg,val2017,2,156198.0,dent,1,1,0,0,0,0
1175,001175.jpg,val2017,1,56456.0,scratch,0,1,0,0,0,0
1176,001176.jpg,val2017,2,85804.0,lamp broken,0,1,0,0,1,0
1182,001182.jpg,val2017,1,12757.0,scratch,0,1,0,0,0,0
1185,001185.jpg,val2017,2,53100.0,scratch,0,1,0,0,0,0
1191,001191.jpg,val2017,2,22248.0,scratch,0,1,0,0,0,0
1192,001192.jpg,val2017,1,14764.0,scratch,0,1,0,0,0,0
1193,001193.jpg,val2017,2,186543.0,scratch,0,1,0,0,0,1
1197,001197.jpg,val2017,1,450215.0,tire flat,0,0,0,0,0,1
1198,001198.jpg,val2017,1,87983.0,tire flat,0,0,0,0,0,1
1199,001199.jpg,val2017,1,439086.0,tire flat,0,0,0,0,0,1
1213,001213.jpg,val2017,3,52630.0,scratch,0,1,0,0,0,0
1215,001215.jpg,val2017,2,164550.0,tire flat,0,1,0,0,0,1
1216,001216.jpg,val2017,1,66576.0,scratch,0,1,0,0,0,0
1217,001217.jpg,val2017,1,46529.0,scratch,0,1,0,0,0,0
1219,001219.jpg,val2017,1,49745.0,scratch,0,1,0,0,0,0
1242,001242.jpg,val2017,3,264086.0,dent,1,0,0,0,1,0
1243,001243.jpg,val2017,3,224497.0,tire flat,1,1,0,0,0,1
1244,001244.jpg,val2017,1,185683.0,tire flat,0,0,0,0,0,1
1245,001245.jpg,val2017,2,187315.0,lamp broken,1,0,0,0,1,0
1246,001246.jpg,val2017,2,248577.0,lamp broken,0,0,1,0,1,0
1248,001248.jpg,val2017,2,44305.0,dent,1,0,0,0,0,0
1260,001260.jpg,val2017,1,131806.0,dent,1,0,0,0,0,0
1269,001269.jpg,val2017,1,18175.0,dent,1,0,0,0,0,0
1270,001270.jpg,val2017,1,130985.0,dent,1,0,0,0,0,0
1273,001273.jpg,val2017,3,136327.0,scratch,0,1,0,0,0,0
1281,001281.jpg,val2017,1,339168.0,glass shatter,0,0,0,1,0,0
1284,001284.jpg,val2017,2,72804.0,scratch,0,1,0,0,0,0
1285,001285.jpg,val2017,3,53800.0,dent,1,1,1,0,0,0
1286,001286.jpg,val2017,3,34853.0,dent,1,1,0,0,0,0
1287,001287.jpg,val2017,3,63149.0,dent,1,1,0,0,0,0
1288,001288.jpg,val2017,1,16559.0,scratch,0,1,0,0,0,0
1289,001289.jpg,val2017,1,88734.0,scratch,0,1,0,0,0,0
1308,001308.jpg,val2017,1,165855.0,scratch,0,1,0,0,0,0
1315,001315.jpg,val2017,2,57231.0,scratch,0,1,0,0,0,0
1316,001316.jpg,val2017,1,76546.0,scratch,0,1,0,0,0,0
1317,001317.jpg,val2017,1,75721.0,scratch,0,1,0,0,0,0
1318,001318.jpg,val2017,1,25412.0,dent,1,0,0,0,0,0
1328,001328.jpg,val2017,2,25259.0,scratch,0,1,0,0,0,0
1329,001329.jpg,val2017,4,145046.0,scratch,1,1,0,0,0,0
1330,001330.jpg,val2017,2,65016.0,scratch,0,1,0,0,0,0
1331,001331.jpg,val2017,1,539093.0,scratch,0,1,0,0,0,0
1341,001341.jpg,val2017,1,191665.0,glass shatter,0,0,0,1,0,0
1345,001345.jpg,val2017,2,404475.0,dent,1,0,0,0,1,0
1361,001361.jpg,val2017,3,141205.0,dent,1,0,0,0,0,0
1369,001369.jpg,val2017,1,74364.0,lamp broken,0,0,0,0,1,0
1370,001370.jpg,val2017,3,201584.0,lamp broken,1,1,0,0,1,0
1373,001373.jpg,val2017,1,60495.0,dent,1,0,0,0,0,0
1374,001374.jpg,val2017,1,115867.0,lamp broken,0,0,0,0,1,0
1375,001375.jpg,val2017,1,214191.0,lamp broken,0,0,0,0,1,0
1379,001379.jpg,val2017,5,102560.0,dent,1,1,1,0,0,0
1398,001398.jpg,val2017,2,65914.0,tire flat,0,1,0,0,0,1
1400,001400.jpg,val2017,1,194395.0,scratch,0,1,0,0,0,0
1411,001411.jpg,val2017,2,91381.0,scratch,1,1,0,0,0,0
1420,001420.jpg,val2017,1,18317.0,dent,1,0,0,0,0,0
1422,001422.jpg,val2017,1,295867.0,tire flat,0,0,0,0,0,1
1428,001428.jpg,val2017,2,109805.0,dent,1,0,0,0,0,0
1431,001431.jpg,val2017,1,61600.0,dent,1,0,0,0,0,0
1440,001440.jpg,val2017,3,433254.0,dent,1,1,1,0,0,0
1442,001442.jpg,val2017,5,111374.0,scratch,1,1,1,0,0,0
1445,001445.jpg,val2017,1,147923.0,lamp broken,0,0,0,0,1,0
1453,001453.jpg,val2017,3,89633.0,dent,1,1,0,0,0,0
1456,001456.jpg,val2017,1,28139.0,scratch,0,1,0,0,0,0
1484,001484.jpg,val2017,2,469095.0,glass shatter,1,0,0,1,0,0
1489,001489.jpg,val2017,5,197776.0,dent,1,0,0,0,1,0
1494,001494.jpg,val2017,5,112686.0,lamp broken,1,1,1,0,1,1
1504,001504.jpg,val2017,4,101971.0,dent,1,1,0,0,0,0
1505,001505.jpg,val2017,1,9496.0,dent,1,0,0,0,0,0
1507,001507.jpg,val2017,3,89371.0,scratch,0,1,0,0,0,0
1511,001511.jpg,val2017,3,68485.0,scratch,0,1,0,0,0,0
1525,001525.jpg,val2017,2,263103.0,dent,1,0,0,0,0,0
1531,001531.jpg,val2017,3,148945.0,dent,1,0,0,0,1,0
1537,001537.jpg,val2017,4,120413.0,lamp broken,1,1,0,0,1,0
1538,001538.jpg,val2017,1,46167.0,dent,1,0,0,0,0,0
1539,001539.jpg,val2017,2,130913.0,dent,1,0,0,0,0,0
1540,001540.jpg,val2017,1,51165.0,dent,1,0,0,0,0,0
1541,001541.jpg,val2017,1,36915.0,scratch,0,1,0,0,0,0
1542,001542.jpg,val2017,1,74677.0,dent,1,0,0,0,0,0
1543,001543.jpg,val2017,1,12314.0,dent,1,0,0,0,0,0
1559,001559.jpg,val2017,3,50891.0,scratch,1,1,0,0,0,0
1560,001560.jpg,val2017,2,90694.0,dent,1,0,0,0,1,0
1563,001563.jpg,val2017,3,33407.0,dent,1,0,1,0,0,0
1583,001583.jpg,val2017,1,206165.0,dent,1,0,0,0,0,0
1588,001588.jpg,val2017,2,129042.0,scratch,1,1,0,0,0,0
1589,001589.jpg,val2017,2,139741.0,scratch,1,1,0,0,0,0
1595,001595.jpg,val2017,1,157936.0,scratch,0,1,0,0,0,0
1596,001596.jpg,val2017,1,57731.0,scratch,0,1,0,0,0,0
1599,001599.jpg,val2017,5,54041.0,dent,1,1,0,0,0,0
1612,001612.jpg,val2017,1,45952.0,scratch,0,1,0,0,0,0
1614,001614.jpg,val2017,4,145639.0,scratch,1,1,1,0,0,0
1618,001618.jpg,val2017,3,141780.0,dent,1,0,0,0,0,0
1619,001619.jpg,val2017,4,50779.0,dent,1,0,1,0,0,0
1634,001634.jpg,val2017,1,157729.0,dent,1,0,0,0,0,0
1635,001635.jpg,val2017,2,221089.0,dent,1,1,0,0,0,0
1642,001642.jpg,val2017,3,520768.0,glass shatter,1,1,0,1,0,0
1643,001643.jpg,val2017,3,33376.0,scratch,0,1,1,0,0,0
1649,001649.jpg,val2017,2,270616.0,scratch,1,1,0,0,0,0
1652,001652.jpg,val2017,3,152828.0,lamp broken,1,0,1,0,1,0
1661,001661.jpg,val2017,1,339859.0,glass shatter,0,0,0,1,0,0
1670,001670.jpg,val2017,2,114425.0,crack,0,1,1,0,0,0
1672,001672.jpg,val2017,9,51772.0,dent,1,1,1,0,0,0
1673,001673.jpg,val2017,4,189445.0,lamp broken,1,1,0,0,1,0
1674,001674.jpg,val2017,4,48165.0,lamp broken,0,1,1,0,1,0
1682,001682.jpg,val2017,4,83208.0,scratch,1,1,0,0,0,0
1684,001684.jpg,val2017,3,283452.0,lamp broken,1,0,0,0,1,0
1686,001686.jpg,val2017,2,279613.0,lamp broken,1,0,0,0,1,0
1689,001689.jpg,val2017,2,327605.0,glass shatter,1,0,0,1,0,0
1702,001702.jpg,val2017,3,116774.0,dent,1,1,0,0,0,0
1704,001704.jpg,val2017,2,123279.0,dent,1,1,0,0,0,0
1711,001711.jpg,val2017,3,120476.0,dent,1,1,0,0,0,0
1714,001714.jpg,val2017,2,130237.0,dent,1,1,0,0,0,0
1716,001716.jpg,val2017,5,26631.0,dent,1,1,0,0,0,0
1721,001721.jpg,val2017,1,3351.0,scratch,0,1,0,0,0,0
1722,001722.jpg,val2017,2,20925.0,scratch,0,1,0,0,0,0
1727,001727.jpg,val2017,1,23300.0,scratch,0,1,0,0,0,0
1728,001728.jpg,val2017,2,13517.0,scratch,0,1,0,0,0,0
1729,001729.jpg,val2017,5,133324.0,scratch,1,1,0,0,0,0
1747,001747.jpg,val2017,1,8125.0,scratch,0,1,0,0,0,0
1748,001748.jpg,val2017,2,73555.0,scratch,0,1,0,0,0,0
1759,001759.jpg,val2017,4,530494.0,dent,1,1,0,0,0,0
1770,001770.jpg,val2017,6,140339.0,scratch,1,1,1,0,1,0
1771,001771.jpg,val2017,1,134952.0,scratch,0,1,0,0,0,0
1772,001772.jpg,val2017,1,64992.0,scratch,0,1,0,0,0,0
1794,001794.jpg,val2017,3,58906.0,dent,1,0,1,0,1,0
1802,001802.jpg,val2017,10,358664.0,scratch,1,1,0,0,0,0
1810,001810.jpg,val2017,2,83314.0,dent,1,1,0,0,0,0
1811,001811.jpg,val2017,2,35596.0,dent,1,1,0,0,0,0
1812,001812.jpg,val2017,3,99149.0,scratch,0,1,0,0,0,0
1815,001815.jpg,val2017,1,16325.0,dent,1,0,0,0,0,0
1822,001822.jpg,val2017,1,302824.0,scratch,0,1,0,0,0,0
1823,001823.jpg,val2017,2,194480.0,scratch,0,1,0,0,0,0
1825,001825.jpg,val2017,1,135324.0,scratch,0,1,0,0,0,0
1838,001838.jpg,val2017,4,161223.0,dent,1,0,0,0,0,0
1844,001844.jpg,val2017,3,20650.0,dent,1,1,0,0,0,0
1845,001845.jpg,val2017,3,28607.0,dent,1,1,0,0,0,0
1846,001846.jpg,val2017,1,26474.0,dent,1,0,0,0,0,0
1847,001847.jpg,val2017,1,37379.0,dent,1,0,0,0,0,0
1848,001848.jpg,val2017,1,32809.0,dent,1,0,0,0,0,0
1849,001849.jpg,val2017,1,26414.0,dent,1,0,0,0,0,0
1850,001850.jpg,val2017,1,104621.0,dent,1,0,0,0,0,0
1852,001852.jpg,val2017,2,46117.0,scratch,0,1,0,0,0,0
1853,001853.jpg,val2017,2,193174.0,scratch,0,1,0,0,0,0
1855,001855.jpg,val2017,3,63400.0,scratch,0,1,0,0,0,0
1856,001856.jpg,val2017,3,37149.0,scratch,0,1,0,0,0,0
1880,001880.jpg,val2017,1,223286.0,dent,1,0,0,0,0,0
1888,001888.jpg,val2017,3,153998.0,lamp broken,1,0,0,0,1,0
1890,001890.jpg,val2017,3,154989.0,lamp broken,1,0,0,0,1,0
1909,001909.jpg,val2017,2,110013.0,dent,1,0,0,0,1,0
1911,001911.jpg,val2017,4,72193.0,scratch,1,1,0,0,0,0
1912,001912.jpg,val2017,6,215005.0,dent,1,0,1,0,1,0
1927,001927.jpg,val2017,2,345521.0,lamp broken,0,0,1,0,1,0
1933,001933.jpg,val2017,4,16553.0,scratch,0,1,0,0,0,0
1934,001934.jpg,val2017,1,59001.0,scratch,0,1,0,0,0,0
1937,001937.jpg,val2017,1,50816.0,scratch,0,1,0,0,0,0
1940,001940.jpg,val2017,1,216308.0,scratch,0,1,0,0,0,0
1945,001945.jpg,val2017,1,120416.0,dent,1,0,0,0,0,0
1946,001946.jpg,val2017,2,191620.0,lamp broken,1,0,0,0,1,0
1947,001947.jpg,val2017,8,112586.0,scratch,0,1,1,0,0,0
1968,001968.jpg,val2017,3,149510.0,lamp broken,1,1,0,0,1,0
1974,001974.jpg,val2017,3,449449.0,lamp broken,0,1,0,0,1,0
1980,001980.jpg,val2017,12,110155.0,lamp broken,1,1,1,0,1,0
1981,001981.jpg,val2017,2,87399.0,lamp broken,0,1,0,0,1,0
1982,001982.jpg,val2017,5,162506.0,scratch,1,1,0,0,0,0
1984,001984.jpg,val2017,3,102495.0,lamp broken,1,1,0,0,1,0
1994,001994.jpg,val2017,5,49196.0,dent,1,1,1,0,1,0
1997,001997.jpg,val2017,8,124984.0,dent,1,1,1,0,0,0
2001,002001.jpg,val2017,2,157855.0,dent,1,0,0,0,0,0
2007,002007.jpg,val2017,3,281642.0,dent,1,1,0,0,0,0
2009,002009.jpg,val2017,1,47048.0,dent,1,0,0,0,0,0
2011,002011.jpg,val2017,1,61695.0,dent,1,0,0,0,0,0
2012,002012.jpg,val2017,1,54188.0,dent,1,0,0,0,0,0
2015,002015.jpg,val2017,1,297412.0,scratch,0,1,0,0,0,0
2016,002016.jpg,val2017,5,90684.0,scratch,0,1,0,0,0,0
2036,002036.jpg,val2017,1,49226.0,dent,1,0,0,0,0,0
2046,002046.jpg,val2017,2,47125.0,scratch,0,1,0,0,0,0
2057,002057.jpg,val2017,1,54247.0,scratch,0,1,0,0,0,0
2063,002063.jpg,val2017,5,165955.0,scratch,0,1,0,0,0,0
2064,002064.jpg,val2017,1,62847.0,scratch,0,1,0,0,0,0
2065,002065.jpg,val2017,2,119504.0,scratch,0,1,0,0,0,0
2066,002066.jpg,val2017,1,22445.0,scratch,0,1,0,0,0,0
2070,002070.jpg,val2017,2,191585.0,dent,1,1,0,0,0,0
2073,002073.jpg,val2017,2,97297.0,dent,1,0,0,0,0,0
2076,002076.jpg,val2017,2,34043.0,dent,1,0,0,0,0,0
2083,002083.jpg,val2017,1,29014.0,dent,1,0,0,0,0,0
2086,002086.jpg,val2017,1,12134.0,dent,1,0,0,0,0,0
2087,002087.jpg,val2017,1,26801.0,dent,1,0,0,0,0,0
2088,002088.jpg,val2017,1,23849.0,dent,1,0,0,0,0,0
2091,002091.jpg,val2017,3,71032.0,scratch,0,1,0,0,0,0
2092,002092.jpg,val2017,2,156009.0,scratch,0,1,0,0,0,0
2093,002093.jpg,val2017,1,34140.0,scratch,0,1,0,0,0,0
2094,002094.jpg,val2017,1,72693.0,scratch,0,1,0,0,0,0
2095,002095.jpg,val2017,2,35166.0,scratch,1,1,0,0,0,0
2096,002096.jpg,val2017,2,19752.0,scratch,0,1,0,0,0,0
2098,002098.jpg,val2017,1,125846.0,scratch,0,1,0,0,0,0
2102,002102.jpg,val2017,4,113144.0,scratch,1,1,0,0,0,0
2115,002115.jpg,val2017,3,196429.0,dent,1,1,0,0,0,0
2126,002126.jpg,val2017,2,7601.0,dent,1,1,0,0,0,0
2128,002128.jpg,val2017,2,48883.0,dent,1,1,0,0,0,0
2129,002129.jpg,val2017,1,159204.0,scratch,0,1,0,0,0,0
2130,002130.jpg,val2017,1,187621.0,scratch,0,1,0,0,0,0
2139,002139.jpg,val2017,1,10424.0,scratch,0,1,0,0,0,0
2141,002141.jpg,val2017,7,190207.0,dent,1,1,0,0,0,0
2152,002152.jpg,val2017,7,188308.0,lamp broken,1,1,0,0,1,0
2153,002153.jpg,val2017,1,64601.0,dent,1,0,0,0,0,0
2154,002154.jpg,val2017,1,29377.0,dent,1,0,0,0,0,0
2155,002155.jpg,val2017,1,45282.0,dent,1,0,0,0,0,0
2156,002156.jpg,val2017,1,77628.0,dent,1,0,0,0,0,0
2164,002164.jpg,val2017,2,353003.0,dent,1,0,0,0,0,0
2170,002170.jpg,val2017,1,214432.0,scratch,0,1,0,0,0,0
2171,002171.jpg,val2017,3,73918.0,lamp broken,1,0,0,0,1,0
2172,002172.jpg,val2017,1,71282.0,crack,0,0,1,0,0,0
2176,002176.jpg,val2017,2,15295.0,dent,1,0,1,0,0,0
2178,002178.jpg,val2017,2,214326.0,scratch,1,1,0,0,0,0
2182,002182.jpg,val2017,1,22245.0,dent,1,0,0,0,0,0
2190,002190.jpg,val2017,2,64082.0,scratch,0,1,0,0,0,0
2195,002195.jpg,val2017,2,89443.0,scratch,1,1,0,0,0,0
2197,002197.jpg,val2017,1,13597.0,scratch,0,1,0,0,0,0
2199,002199.jpg,val2017,3,20170.0,scratch,0,1,0,0,0,0
2200,002200.jpg,val2017,4,146354.0,lamp broken,1,1,0,0,1,0
2202,002202.jpg,val2017,2,69757.0,scratch,1,1,0,0,0,0
2203,002203.jpg,val2017,1,5611.0,scratch,0,1,0,0,0,0
2204,002204.jpg,val2017,1,11831.0,scratch,0,1,0,0,0,0
2205,002205.jpg,val2017,1,39853.0,scratch,0,1,0,0,0,0
2206,002206.jpg,val2017,1,19453.0,scratch,0,1,0,0,0,0
2215,002215.jpg,val2017,1,139168.0,scratch,0,1,0,0,0,0
2216,002216.jpg,val2017,4,423319.0,scratch,0,1,0,0,0,0
2241,002241.jpg,val2017,6,103774.0,scratch,0,1,0,0,0,0
2244,002244.jpg,val2017,1,581608.0,scratch,0,1,0,0,0,0
2254,002254.jpg,val2017,2,147863.0,scratch,0,1,0,0,0,0
2255,002255.jpg,val2017,2,88738.0,scratch,0,1,0,0,0,0
2268,002268.jpg,val2017,2,11974.0,crack,0,0,1,0,0,0
2269,002269.jpg,val2017,3,12385.0,crack,0,0,1,0,0,0
2272,002272.jpg,val2017,5,208951.0,dent,1,1,1,0,1,0
2276,002276.jpg,val2017,5,293872.0,dent,1,1,1,0,1,0
2278,002278.jpg,val2017,3,47810.0,scratch,0,1,0,0,0,0
2279,002279.jpg,val2017,1,104967.0,dent,1,0,0,0,0,0
2280,002280.jpg,val2017,3,288633.0,dent,1,0,1,0,0,0
2297,002297.jpg,val2017,2,20306.0,scratch,0,1,1,0,0,0
2298,002298.jpg,val2017,1,110617.0,scratch,0,1,0,0,0,0
2315,002315.jpg,val2017,7,184902.0,lamp broken,1,1,0,0,1,0
2316,002316.jpg,val2017,3,198403.0,dent,1,1,0,0,0,0
2325,002325.jpg,val2017,2,19909.0,scratch,0,1,1,0,0,0
2331,002331.jpg,val2017,7,159246.0,lamp broken,1,1,0,0,1,0
2332,002332.jpg,val2017,1,183583.0,scratch,0,1,0,0,0,0
2333,002333.jpg,val2017,1,54332.0,dent,1,0,0,0,0,0
2338,002338.jpg,val2017,3,72278.0,dent,1,1,1,0,0,0
2342,002342.jpg,val2017,4,119500.0,scratch,0,1,1,0,0,0
2343,002343.jpg,val2017,6,60691.0,dent,1,1,1,0,1,0
2345,002345.jpg,val2017,1,151736.0,scratch,0,1,0,0,0,0
2346,002346.jpg,val2017,2,131201.0,scratch,0,1,1,0,0,0
2351,002351.jpg,val2017,2,188907.0,scratch,0,1,0,0,0,0
2359,002359.jpg,val2017,3,178316.0,dent,1,1,0,0,0,0
2361,002361.jpg,val2017,3,216783.0,scratch,1,1,1,0,0,0
2363,002363.jpg,val2017,5,359639.0,dent,1,1,0,0,0,0
2381,002381.jpg,val2017,4,68030.0,dent,1,1,1,0,0,0
2382,002382.jpg,val2017,1,23705.0,dent,1,0,0,0,0,0
2389,002389.jpg,val2017,1,73141.0,dent,1,0,0,0,0,0
2408,002408.jpg,val2017,5,62061.0,dent,1,1,1,0,0,0
2410,002410.jpg,val2017,3,52403.0,dent,1,0,0,0,0,0
2411,002411.jpg,val2017,2,60475.0,dent,1,0,0,0,0,0
2412,002412.jpg,val2017,2,112220.0,dent,1,1,0,0,0,0
2423,002423.jpg,val2017,2,222925.0,dent,1,0,0,0,0,0
2427,002427.jpg,val2017,2,20344.0,dent,1,0,0,0,0,0
2440,002440.jpg,val2017,1,120010.0,dent,1,0,0,0,0,0
2441,002441.jpg,val2017,1,10840.0,dent,1,0,0,0,0,0
2442,002442.jpg,val2017,1,22359.0,dent,1,0,0,0,0,0
2449,002449.jpg,val2017,1,59794.0,dent,1,0,0,0,0,0
2452,002452.jpg,val2017,5,32275.0,dent,1,1,1,0,0,0
2462,002462.jpg,val2017,1,25921.0,dent,1,0,0,0,0,0
2463,002463.jpg,val2017,4,226838.0,dent,1,1,0,0,1,0
2468,002468.jpg,val2017,4,110084.0,lamp broken,1,1,0,0,1,0
2486,002486.jpg,val2017,4,253254.0,dent,1,1,0,0,1,0
2488,002488.jpg,val2017,4,275792.0,dent,1,1,0,0,0,0
2491,002491.jpg,val2017,2,101777.0,dent,1,1,0,0,0,0
2503,002503.jpg,val2017,7,130617.0,dent,1,0,1,1,1,0
2509,002509.jpg,val2017,3,166231.0,dent,1,1,0,0,0,0
2515,002515.jpg,val2017,2,115498.0,dent,1,0,0,0,0,0
2516,002516.jpg,val2017,2,240236.0,dent,1,0,1,0,0,0
2517,002517.jpg,val2017,3,67089.0,dent,1,1,0,0,1,0
2521,002521.jpg,val2017,2,83343.0,scratch,0,1,1,0,0,0
2536,002536.jpg,val2017,2,90283.0,dent,1,1,0,0,0,0
2537,002537.jpg,val2017,2,45827.0,dent,1,1,0,0,0,0
2546,002546.jpg,val2017,3,94954.0,scratch,0,1,0,0,0,0
2547,002547.jpg,val2017,4,129955.0,dent,1,1,0,0,1,0
2553,002553.jpg,val2017,2,2844.0,crack,0,0,1,0,0,0
2561,002561.jpg,val2017,1,146619.0,scratch,0,1,0,0,0,0
2562,002562.jpg,val2017,1,65259.0,scratch,0,1,0,0,0,0
2568,002568.jpg,val2017,1,192139.0,scratch,0,1,0,0,0,0
2571,002571.jpg,val2017,1,148856.0,scratch,0,1,0,0,0,0
2573,002573.jpg,val2017,3,23250.0,scratch,0,1,1,0,0,0
2575,002575.jpg,val2017,3,53056.0,glass shatter,1,1,0,1,0,0
2577,002577.jpg,val2017,2,18985.0,scratch,0,1,0,0,0,0
2579,002579.jpg,val2017,3,145573.0,dent,1,1,0,0,0,0
2602,002602.jpg,val2017,6,180846.0,dent,1,1,1,0,1,0
2603,002603.jpg,val2017,1,191920.0,scratch,0,1,0,0,0,0
2604,002604.jpg,val2017,2,103549.0,scratch,0,1,0,0,0,0
2605,002605.jpg,val2017,4,198691.0,tire flat,1,1,1,0,0,1
2606,002606.jpg,val2017,2,75333.0,scratch,0,1,0,0,0,0
2609,002609.jpg,val2017,2,52465.0,dent,1,0,0,0,0,0
2613,002613.jpg,val2017,1,205890.0,dent,1,0,0,0,0,0
2625,002625.jpg,val2017,2,81521.0,dent,1,1,0,0,0,0
2627,002627.jpg,val2017,3,212841.0,scratch,0,1,0,0,0,0
2629,002629.jpg,val2017,2,420962.0,dent,1,1,0,0,0,0
2630,002630.jpg,val2017,1,364396.0,dent,1,0,0,0,0,0
2631,002631.jpg,val2017,1,12271.0,dent,1,0,0,0,0,0
2632,002632.jpg,val2017,1,57871.0,scratch,0,1,0,0,0,0
2633,002633.jpg,val2017,1,75484.0,dent,1,0,0,0,0,0
2636,002636.jpg,val2017,4,103534.0,scratch,0,1,1,0,1,0
2637,002637.jpg,val2017,4,19036.0,scratch,0,1,1,0,1,0
2647,002647.jpg,val2017,1,118029.0,dent,1,0,0,0,0,0
2654,002654.jpg,val2017,1,59719.0,scratch,0,1,0,0,0,0
2655,002655.jpg,val2017,1,66721.0,scratch,0,1,0,0,0,0
2656,002656.jpg,val2017,4,224293.0,scratch,1,1,0,0,1,0
2662,002662.jpg,val2017,2,276623.0,dent,1,1,0,0,0,0
2663,002663.jpg,val2017,1,280898.0,scratch,0,1,0,0,0,0
2665,002665.jpg,val2017,2,300367.0,glass shatter,1,0,0,1,0,0
2667,002667.jpg,val2017,2,34603.0,dent,1,1,0,0,0,0
2682,002682.jpg,val2017,6,167241.0,lamp broken,1,0,1,0,1,0
2685,002685.jpg,val2017,2,168742.0,glass shatter,1,0,0,1,0,0
2695,002695.jpg,val2017,1,92546.0,dent,1,0,0,0,0,0
2721,002721.jpg,val2017,7,142134.0,lamp broken,1,1,1,0,1,0
2726,002726.jpg,val2017,2,251482.0,lamp broken,0,1,0,0,1,0
2729,002729.jpg,val2017,3,290376.0,scratch,0,1,0,0,0,0
2730,002730.jpg,val2017,2,70127.0,dent,1,0,0,0,0,0
2753,002753.jpg,val2017,3,119405.0,scratch,0,1,0,0,0,0
2754,002754.jpg,val2017,2,150752.0,scratch,0,1,0,0,0,0
2755,002755.jpg,val2017,2,118634.0,scratch,0,1,0,0,0,0
2757,002757.jpg,val2017,2,47895.0,dent,1,0,0,0,0,0
2767,002767.jpg,val2017,4,260942.0,dent,1,1,0,0,0,0
2778,002778.jpg,val2017,1,190073.0,dent,1,0,0,0,0,0
2779,002779.jpg,val2017,4,205179.0,lamp broken,1,1,0,0,1,0
2781,002781.jpg,val2017,1,72430.0,dent,1,0,0,0,0,0
2790,002790.jpg,val2017,2,50634.0,scratch,0,1,0,0,0,0
2791,002791.jpg,val2017,1,131649.0,scratch,0,1,0,0,0,0
2804,002804.jpg,val2017,2,475018.0,scratch,0,1,0,0,0,0
2805,002805.jpg,val2017,1,212867.0,scratch,0,1,0,0,0,0
2815,002815.jpg,val2017,1,24888.0,scratch,0,1,0,0,0,0
2816,002816.jpg,val2017,1,24861.0,scratch,0,1,0,0,0,0
2817,002817.jpg,val2017,1,21160.0,scratch,0,1,0,0,0,0
2822,002822.jpg,val2017,1,124025.0,dent,1,0,0,0,0,0
2826,002826.jpg,val2017,3,81379.0,scratch,0,1,0,0,0,0
2827,002827.jpg,val2017,2,84307.0,scratch,0,1,0,0,0,0
2828,002828.jpg,val2017,3,69552.0,scratch,0,1,1,0,0,0
2829,002829.jpg,val2017,2,225166.0,scratch,0,1,0,0,0,0
2830,002830.jpg,val2017,1,52165.0,dent,1,0,0,0,0,0
2834,002834.jpg,val2017,2,171776.0,scratch,0,1,0,0,0,0
2852,002852.jpg,val2017,1,180892.0,dent,1,0,0,0,0,0
2859,002859.jpg,val2017,1,14311.0,dent,1,0,0,0,0,0
2861,002861.jpg,val2017,2,195166.0,scratch,0,1,0,0,0,0
2866,002866.jpg,val2017,1,44913.0,scratch,0,1,0,0,0,0
2867,002867.jpg,val2017,2,58754.0,dent,1,1,0,0,0,0
2868,002868.jpg,val2017,3,46026.0,scratch,0,1,1,0,0,0
2869,002869.jpg,val2017,1,429531.0,scratch,0,1,0,0,0,0
2881,002881.jpg,val2017,1,6012.0,scratch,0,1,0,0,0,0
2882,002882.jpg,val2017,1,14027.0,scratch,0,1,0,0,0,0
2892,002892.jpg,val2017,4,77664.0,lamp broken,1,0,1,0,1,0
2893,002893.jpg,val2017,2,187973.0,dent,1,1,0,0,0,0
2895,002895.jpg,val2017,3,414522.0,dent,1,1,0,0,0,0
2899,002899.jpg,val2017,2,129341.0,dent,1,1,0,0,0,0
2909,002909.jpg,val2017,3,77009.0,dent,1,1,1,0,0,0
2923,002923.jpg,val2017,1,32337.0,dent,1,0,0,0,0,0
2924,002924.jpg,val2017,1,40855.0,dent,1,0,0,0,0,0
2925,002925.jpg,val2017,1,212738.0,dent,1,0,0,0,0,0
2933,002933.jpg,val2017,3,256284.0,lamp broken,0,1,1,0,1,0
2934,002934.jpg,val2017,6,366357.0,scratch,1,1,1,0,1,0
2946,002946.jpg,val2017,2,261279.0,lamp broken,1,0,0,0,1,0
2954,002954.jpg,val2017,5,84198.0,scratch,1,1,0,0,0,0
2962,002962.jpg,val2017,3,106042.0,scratch,1,1,0,0,0,0
2987,002987.jpg,val2017,1,310294.0,lamp broken,0,0,0,0,1,0
2988,002988.jpg,val2017,1,160949.0,lamp broken,0,0,0,0,1,0
2992,002992.jpg,val2017,5,98141.0,scratch,0,1,0,0,0,0
2996,002996.jpg,val2017,4,57495.0,scratch,1,1,1,0,0,0
3017,003017.jpg,val2017,1,172874.0,scratch,0,1,0,0,0,0
3018,003018.jpg,val2017,2,155018.0,scratch,0,1,0,0,0,0
3019,003019.jpg,val2017,1,67685.0,scratch,0,1,0,0,0,0
3020,003020.jpg,val2017,3,209034.0,scratch,0,1,1,0,0,0
3021,003021.jpg,val2017,3,368355.0,scratch,0,1,0,0,1,0
3028,003028.jpg,val2017,1,493286.0,glass shatter,0,0,0,1,0,0
3029,003029.jpg,val2017,1,228435.0,glass shatter,0,0,0,1,0,0
3041,003041.jpg,val2017,1,560572.0,glass shatter,0,0,0,1,0,0
3042,003042.jpg,val2017,1,254354.0,glass shatter,0,0,0,1,0,0
3051,003051.jpg,val2017,1,283968.0,glass shatter,0,0,0,1,0,0
3054,003054.jpg,val2017,1,504120.0,glass shatter,0,0,0,1,0,0
3063,003063.jpg,val2017,1,576235.0,glass shatter,0,0,0,1,0,0
3064,003064.jpg,val2017,1,412610.0,glass shatter,0,0,0,1,0,0
3073,003073.jpg,val2017,1,603000.0,glass shatter,0,0,0,1,0,0
3074,003074.jpg,val2017,1,449490.0,glass shatter,0,0,0,1,0,0
3083,003083.jpg,val2017,1,658073.0,glass shatter,0,0,0,1,0,0
3084,003084.jpg,val2017,1,667000.0,glass shatter,0,0,0,1,0,0
3090,003090.jpg,val2017,6,187089.0,scratch,0,1,1,0,1,0
3100,003100.jpg,val2017,1,306055.0,glass shatter,0,0,0,1,0,0
3101,003101.jpg,val2017,1,518698.0,glass shatter,0,0,0,1,0,0
3102,003102.jpg,val2017,1,667000.0,glass shatter,0,0,0,1,0,0
3110,003110.jpg,val2017,4,178459.0,lamp broken,0,1,1,0,1,0
3116,003116.jpg,val2017,1,572882.0,glass shatter,0,0,0,1,0,0
3125,003125.jpg,val2017,1,380470.0,glass shatter,0,0,0,1,0,0
3127,003127.jpg,val2017,4,378570.0,lamp broken,1,1,0,0,1,0
3141,003141.jpg,val2017,1,273727.0,glass shatter,0,0,0,1,0,0
3142,003142.jpg,val2017,1,317681.0,glass shatter,0,0,0,1,0,0
3143,003143.jpg,val2017,1,265340.0,lamp broken,0,0,0,0,1,0
3157,003157.jpg,val2017,1,346025.0,glass shatter,0,0,0,1,0,0
3158,003158.jpg,val2017,1,438544.0,glass shatter,0,0,0,1,0,0
3167,003167.jpg,val2017,1,429096.0,glass shatter,0,0,0,1,0,0
3168,003168.jpg,val2017,1,285991.0,glass shatter,0,0,0,1,0,0
3176,003176.jpg,val2017,2,70065.0,lamp broken,0,0,0,0,1,0
3180,003180.jpg,val2017,1,599441.0,glass shatter,0,0,0,1,0,0
3182,003182.jpg,val2017,1,188882.0,glass shatter,0,0,0,1,0,0
3196,003196.jpg,val2017,2,248308.0,lamp broken,1,0,0,0,1,0
3200,003200.jpg,val2017,6,193534.0,scratch,1,1,0,0,1,0
3203,003203.jpg,val2017,1,745336.0,glass shatter,0,0,0,1,0,0
3204,003204.jpg,val2017,2,260309.0,glass shatter,0,0,1,1,0,0
3205,003205.jpg,val2017,1,540370.0,glass shatter,0,0,0,1,0,0
3206,003206.jpg,val2017,2,273277.0,glass shatter,0,1,0,1,0,0
3213,003213.jpg,val2017,1,49644.0,scratch,0,1,0,0,0,0
3214,003214.jpg,val2017,1,28615.0,scratch,0,1,0,0,0,0
3222,003222.jpg,val2017,4,215026.0,lamp broken,0,1,1,0,1,0
3234,003234.jpg,val2017,1,441251.0,glass shatter,0,0,0,1,0,0
3235,003235.jpg,val2017,1,618521.0,glass shatter,0,0,0,1,0,0
3245,003245.jpg,val2017,1,488212.0,glass shatter,0,0,0,1,0,0
3247,003247.jpg,val2017,4,140519.0,scratch,0,1,0,0,0,0
3248,003248.jpg,val2017,1,366096.0,glass shatter,0,0,0,1,0,0
3257,003257.jpg,val2017,1,666890.0,glass shatter,0,0,0,1,0,0
3258,003258.jpg,val2017,2,261558.0,glass shatter,1,0,0,1,0,0
3259,003259.jpg,val2017,1,351428.0,glass shatter,0,0,0,1,0,0
3270,003270.jpg,val2017,1,464330.0,glass shatter,0,0,0,1,0,0
3271,003271.jpg,val2017,2,200686.0,dent,1,0,0,0,0,0
3274,003274.jpg,val2017,1,98713.0,dent,1,0,0,0,0,0
3284,003284.jpg,val2017,4,157900.0,scratch,0,1,0,0,0,0
3285,003285.jpg,val2017,5,302509.0,lamp broken,1,1,0,0,1,0
3290,003290.jpg,val2017,1,374040.0,glass shatter,0,0,0,1,0,0
3292,003292.jpg,val2017,1,319946.0,glass shatter,0,0,0,1,0,0
3295,003295.jpg,val2017,1,42388.0,scratch,0,1,0,0,0,0
3297,003297.jpg,val2017,2,97416.0,scratch,0,1,0,0,1,0
3302,003302.jpg,val2017,1,347410.0,glass shatter,0,0,0,1,0,0
3303,003303.jpg,val2017,1,851004.0,glass shatter,0,0,0,1,0,0
3309,003309.jpg,val2017,1,142871.0,dent,1,0,0,0,0,0
3317,003317.jpg,val2017,2,405993.0,glass shatter,1,0,0,1,0,0
3318,003318.jpg,val2017,1,448634.0,glass shatter,0,0,0,1,0,0
3328,003328.jpg,val2017,1,453863.0,glass shatter,0,0,0,1,0,0
3329,003329.jpg,val2017,1,507268.0,glass shatter,0,0,0,1,0,0
3340,003340.jpg,val2017,8,130130.0,dent,1,1,1,0,1,0
3348,003348.jpg,val2017,2,58287.0,lamp broken,0,1,0,0,1,0
3355,003355.jpg,val2017,2,312969.0,lamp broken,0,1,0,0,1,0
3362,003362.jpg,val2017,4,170926.0,dent,1,1,0,0,1,0
3368,003368.jpg,val2017,1,189732.0,lamp broken,0,0,0,0,1,0
3369,003369.jpg,val2017,1,319786.0,lamp broken,0,0,0,0,1,0
3370,003370.jpg,val2017,1,126320.0,lamp broken,0,0,0,0,1,0
3371,003371.jpg,val2017,1,357553.0,lamp broken,0,0,0,0,1,0
3372,003372.jpg,val2017,3,41829.0,scratch,0,1,1,0,0,0
3373,003373.jpg,val2017,1,217275.0,lamp broken,0,0,0,0,1,0
3382,003382.jpg,val2017,1,2602.0,crack,0,0,1,0,0,0
3395,003395.jpg,val2017,2,103810.0,lamp broken,1,0,0,0,1,0
3397,003397.jpg,val2017,3,196558.0,dent,1,1,0,0,0,0
3402,003402.jpg,val2017,4,249960.0,lamp broken,1,1,0,0,1,0
3408,003408.jpg,val2017,2,195843.0,glass shatter,1,0,0,1,0,0
3426,003426.jpg,val2017,4,122611.0,dent,1,0,0,0,0,0
3427,003427.jpg,val2017,2,144111.0,dent,1,1,0,0,0,0
3428,003428.jpg,val2017,2,101195.0,scratch,1,1,0,0,0,0
3431,003431.jpg,val2017,7,140279.0,scratch,1,1,0,0,0,0
3432,003432.jpg,val2017,5,144612.0,lamp broken,0,0,1,0,1,0
3433,003433.jpg,val2017,3,49827.0,dent,1,1,0,0,0,0
3438,003438.jpg,val2017,5,39967.0,dent,1,1,1,0,0,0
3442,003442.jpg,val2017,1,126715.0,dent,1,0,0,0,0,0
3445,003445.jpg,val2017,3,43656.0,scratch,1,1,0,0,0,0
3447,003447.jpg,val2017,2,30518.0,crack,0,0,1,0,0,0
3448,003448.jpg,val2017,5,271213.0,scratch,1,1,1,0,0,0
3450,003450.jpg,val2017,3,98950.0,dent,1,0,0,0,0,0
3451,003451.jpg,val2017,3,144096.0,tire flat,1,1,0,0,0,1
3457,003457.jpg,val2017,7,235991.0,dent,1,1,0,0,0,0
3467,003467.jpg,val2017,3,48893.0,scratch,1,1,0,0,0,0
3470,003470.jpg,val2017,7,267770.0,scratch,1,1,1,0,1,0
3474,003474.jpg,val2017,2,197040.0,dent,1,1,0,0,0,0
3475,003475.jpg,val2017,4,38469.0,lamp broken,0,1,1,0,1,0
3478,003478.jpg,val2017,2,77148.0,scratch,0,1,0,0,0,0
3479,003479.jpg,val2017,1,6841.0,scratch,0,1,0,0,0,0
3481,003481.jpg,val2017,2,66161.0,scratch,0,1,1,0,0,0
3482,003482.jpg,val2017,2,159238.0,scratch,1,1,0,0,0,0
3493,003493.jpg,val2017,1,9505.0,scratch,0,1,0,0,0,0
3494,003494.jpg,val2017,1,59319.0,scratch,0,1,0,0,0,0
3495,003495.jpg,val2017,1,47701.0,scratch,0,1,0,0,0,0
3496,003496.jpg,val2017,2,74781.0,scratch,0,1,0,0,0,0
3497,003497.jpg,val2017,2,6836.0,scratch,0,1,0,0,0,0
3498,003498.jpg,val2017,3,125322.0,scratch,0,1,0,0,0,0
3510,003510.jpg,val2017,1,10679.0,crack,0,0,1,0,0,0
3512,003512.jpg,val2017,5,184811.0,scratch,1,1,1,0,0,0
3521,003521.jpg,val2017,1,4633.0,crack,0,0,1,0,0,0
3534,003534.jpg,val2017,1,77000.0,scratch,0,1,0,0,0,0
3535,003535.jpg,val2017,2,94850.0,scratch,0,1,0,0,0,0
3543,003543.jpg,val2017,2,20254.0,dent,1,0,1,0,0,0
3550,003550.jpg,val2017,1,234290.0,lamp broken,0,0,0,0,1,0
3555,003555.jpg,val2017,3,38506.0,scratch,1,1,0,0,0,0
3556,003556.jpg,val2017,1,113237.0,scratch,0,1,0,0,0,0
3562,003562.jpg,val2017,4,60179.0,scratch,0,1,0,0,0,0
3574,003574.jpg,val2017,1,54067.0,scratch,0,1,0,0,0,0
3576,003576.jpg,val2017,1,74839.0,scratch,0,1,0,0,0,0
3577,003577.jpg,val2017,2,104854.0,scratch,0,1,0,0,0,0
3590,003590.jpg,val2017,3,27182.0,scratch,0,1,0,0,0,0
3594,003594.jpg,val2017,2,17157.0,scratch,0,1,0,0,0,0
3613,003613.jpg,val2017,1,92444.0,scratch,0,1,0,0,0,0
3614,003614.jpg,val2017,3,134466.0,scratch,0,1,1,0,0,0
3627,003627.jpg,val2017,2,134684.0,scratch,0,1,0,0,0,0
3635,003635.jpg,val2017,2,72389.0,scratch,0,1,0,0,0,0
3636,003636.jpg,val2017,1,7118.0,scratch,0,1,0,0,0,0
3637,003637.jpg,val2017,2,180225.0,scratch,1,1,0,0,0,0
3650,003650.jpg,val2017,2,240593.0,scratch,0,1,0,0,0,0
3651,003651.jpg,val2017,1,55572.0,scratch,0,1,0,0,0,0
3657,003657.jpg,val2017,1,32989.0,scratch,0,1,0,0,0,0
3658,003658.jpg,val2017,2,47718.0,scratch,0,1,0,0,0,0
3659,003659.jpg,val2017,1,261156.0,lamp broken,0,0,0,0,1,0
3672,003672.jpg,val2017,2,28253.0,scratch,0,1,0,0,0,0
3673,003673.jpg,val2017,2,78559.0,scratch,0,1,0,0,0,0
3684,003684.jpg,val2017,2,240303.0,scratch,0,1,0,0,0,0
3691,003691.jpg,val2017,3,124897.0,dent,1,1,0,0,0,0
3696,003696.jpg,val2017,1,102767.0,scratch,0,1,0,0,0,0
3699,003699.jpg,val2017,2,580224.0,scratch,1,1,0,0,0,0
3704,003704.jpg,val2017,1,142920.0,scratch,0,1,0,0,0,0
3705,003705.jpg,val2017,1,113328.0,scratch,0,1,0,0,0,0
3706,003706.jpg,val2017,1,81993.0,scratch,0,1,0,0,0,0
3707,003707.jpg,val2017,2,48185.0,scratch,0,1,0,0,0,0
3708,003708.jpg,val2017,1,51978.0,scratch,0,1,0,0,0,0
3710,003710.jpg,val2017,1,6884.0,scratch,0,1,0,0,0,0
3711,003711.jpg,val2017,1,5097.0,scratch,0,1,0,0,0,0
3712,003712.jpg,val2017,1,14850.0,scratch,0,1,0,0,0,0
3714,003714.jpg,val2017,1,24487.0,scratch,0,1,0,0,0,0
3721,003721.jpg,val2017,1,750000.0,glass shatter,0,0,0,1,0,0
3722,003722.jpg,val2017,1,750000.0,glass shatter,0,0,0,1,0,0
3735,003735.jpg,val2017,4,44212.0,dent,1,1,1,0,0,0
3744,003744.jpg,val2017,3,199329.0,dent,1,1,0,0,0,0
3745,003745.jpg,val2017,1,84187.0,lamp broken,0,0,0,0,1,0
3749,003749.jpg,val2017,1,333534.0,glass shatter,0,0,0,1,0,0
3753,003753.jpg,val2017,1,172890.0,glass shatter,0,0,0,1,0,0
3769,003769.jpg,val2017,1,750000.0,glass shatter,0,0,0,1,0,0
3770,003770.jpg,val2017,1,289145.0,glass shatter,0,0,0,1,0,0
3783,003783.jpg,val2017,1,263173.0,glass shatter,0,0,0,1,0,0
3785,003785.jpg,val2017,1,313430.0,glass shatter,0,0,0,1,0,0
3795,003795.jpg,val2017,1,339358.0,glass shatter,0,0,0,1,0,0
3796,003796.jpg,val2017,1,571795.0,glass shatter,0,0,0,1,0,0
3805,003805.jpg,val2017,1,584754.0,glass shatter,0,0,0,1,0,0
3806,003806.jpg,val2017,3,102227.0,glass shatter,1,0,0,1,0,0
3813,003813.jpg,val2017,1,220147.0,glass shatter,0,0,0,1,0,0
3818,003818.jpg,val2017,2,90075.0,lamp broken,1,0,0,0,1,0
3828,003828.jpg,val2017,1,418809.0,glass shatter,0,0,0,1,0,0
3830,003830.jpg,val2017,2,177232.0,glass shatter,1,0,0,1,0,0
3832,003832.jpg,val2017,5,111217.0,dent,1,0,0,0,0,1
3833,003833.jpg,val2017,3,59273.0,scratch,0,1,1,0,0,0
3834,003834.jpg,val2017,4,246255.0,scratch,0,1,0,0,0,0
3836,003836.jpg,val2017,3,71346.0,dent,1,1,0,0,0,0
3840,003840.jpg,val2017,1,295691.0,dent,1,0,0,0,0,0
3843,003843.jpg,val2017,3,90926.0,scratch,0,1,0,0,0,0
3849,003849.jpg,val2017,4,132504.0,scratch,1,1,0,0,0,0
3858,003858.jpg,val2017,4,96807.0,scratch,0,1,0,0,0,0
3859,003859.jpg,val2017,8,130489.0,dent,1,1,0,0,0,0
3874,003874.jpg,val2017,1,376800.0,glass shatter,0,0,0,1,0,0
3875,003875.jpg,val2017,1,591695.0,glass shatter,0,0,0,1,0,0
3876,003876.jpg,val2017,1,38573.0,dent,1,0,0,0,0,0
3889,003889.jpg,val2017,1,751000.0,glass shatter,0,0,0,1,0,0
3896,003896.jpg,val2017,1,539548.0,glass shatter,0,0,0,1,0,0
3906,003906.jpg,val2017,1,287987.0,glass shatter,0,0,0,1,0,0
3909,003909.jpg,val2017,4,250891.0,dent,1,1,0,0,0,0
3910,003910.jpg,val2017,2,473676.0,glass shatter,1,0,0,1,0,0
3912,003912.jpg,val2017,2,123568.0,dent,1,1,0,0,0,0
3929,003929.jpg,val2017,1,584591.0,glass shatter,0,0,0,1,0,0
3930,003930.jpg,val2017,1,498792.0,glass shatter,0,0,0,1,0,0
3938,003938.jpg,val2017,2,260384.0,dent,1,0,0,0,0,0
3947,003947.jpg,val2017,1,499663.0,glass shatter,0,0,0,1,0,0
3960,003960.jpg,val2017,1,667000.0,glass shatter,0,0,0,1,0,0
3961,003961.jpg,val2017,2,293054.0,dent,1,1,0,0,0,0
3962,003962.jpg,val2017,1,97731.0,scratch,0,1,0,0,0,0
3963,003963.jpg,val2017,3,20974.0,dent,1,1,0,0,0,0
3966,003966.jpg,val2017,1,174379.0,glass shatter,0,0,0,1,0,0
3967,003967.jpg,val2017,1,395262.0,lamp broken,0,0,0,0,1,0
3982,003982.jpg,val2017,1,593427.0,glass shatter,0,0,0,1,0,0
3991,003991.jpg,val2017,4,39755.0,scratch,1,1,1,0,0,0
3995,003995.jpg,val2017,1,472337.0,glass shatter,0,0,0,1,0,0
3996,003996.jpg,val2017,1,4650.0,scratch,0,1,0,0,0,0
3999,003999.jpg,val2017,2,261708.0,tire flat,1,0,0,0,0,1
12,000012.jpg,test2017,2,106736.0,tire flat,0,0,0,0,0,1
15,000015.jpg,test2017,1,8217.0,scratch,0,1,0,0,0,0
23,000023.jpg,test2017,2,15581.0,dent,1,1,0,0,0,0
33,000033.jpg,test2017,2,136812.0,dent,1,0,0,0,0,0
40,000040.jpg,test2017,2,151218.0,lamp broken,0,1,0,0,1,0
42,000042.jpg,test2017,12,130252.0,glass shatter,1,1,1,1,1,0
44,000044.jpg,test2017,4,43145.0,scratch,1,1,1,0,0,0
57,000057.jpg,test2017,1,286552.0,tire flat,0,0,0,0,0,1
82,000082.jpg,test2017,2,139946.0,scratch,0,1,0,0,1,0
88,000088.jpg,test2017,1,19315.0,crack,0,0,1,0,0,0
90,000090.jpg,test2017,1,241135.0,glass shatter,0,0,0,1,0,0
106,000106.jpg,test2017,1,70656.0,lamp broken,0,0,0,0,1,0
128,000128.jpg,test2017,4,81278.0,dent,1,0,1,0,0,0
152,000152.jpg,test2017,3,35386.0,dent,1,0,0,0,1,0
165,000165.jpg,test2017,1,458494.0,glass shatter,0,0,0,1,0,0
175,000175.jpg,test2017,1,370478.0,glass shatter,0,0,0,1,0,0
185,000185.jpg,test2017,1,293870.0,glass shatter,0,0,0,1,0,0
191,000191.jpg,test2017,5,73198.0,dent,1,0,1,0,1,0
204,000204.jpg,test2017,1,190516.0,glass shatter,0,0,0,1,0,0
214,000214.jpg,test2017,1,501674.0,glass shatter,0,0,0,1,0,0
224,000224.jpg,test2017,2,346217.0,glass shatter,0,1,0,1,0,0
233,000233.jpg,test2017,1,226286.0,glass shatter,0,0,0,1,0,0
237,000237.jpg,test2017,4,201477.0,tire flat,1,0,0,0,0,1
253,000253.jpg,test2017,1,410367.0,glass shatter,0,0,0,1,0,0
267,000267.jpg,test2017,1,299699.0,glass shatter,0,0,0,1,0,0
288,000288.jpg,test2017,1,209619.0,glass shatter,0,0,0,1,0,0
293,000293.jpg,test2017,2,139999.0,lamp broken,0,1,0,0,1,0
297,000297.jpg,test2017,1,332376.0,lamp broken,0,0,0,0,1,0
310,000310.jpg,test2017,1,477270.0,glass shatter,0,0,0,1,0,0
320,000320.jpg,test2017,1,357764.0,glass shatter,0,0,0,1,0,0
330,000330.jpg,test2017,1,539714.0,glass shatter,0,0,0,1,0,0
340,000340.jpg,test2017,1,314133.0,glass shatter,0,0,0,1,0,0
348,000348.jpg,test2017,4,71841.0,dent,1,1,0,0,0,0
353,000353.jpg,test2017,1,187246.0,tire flat,0,0,0,0,0,1
387,000387.jpg,test2017,1,139567.0,lamp broken,0,0,0,0,1,0
400,000400.jpg,test2017,2,22141.0,scratch,0,1,1,0,0,0
404,000404.jpg,test2017,3,132318.0,dent,1,0,0,0,1,0
415,000415.jpg,test2017,2,223341.0,dent,1,1,0,0,0,0
422,000422.jpg,test2017,2,154918.0,dent,1,1,0,0,0,0
424,000424.jpg,test2017,1,140415.0,scratch,0,1,0,0,0,0
433,000433.jpg,test2017,2,530752.0,glass shatter,1,0,0,1,0,0
452,000452.jpg,test2017,1,170377.0,dent,1,0,0,0,0,0
466,000466.jpg,test2017,1,341975.0,glass shatter,0,0,0,1,0,0
468,000468.jpg,test2017,3,60302.0,scratch,1,1,0,0,0,0
481,000481.jpg,test2017,2,40833.0,scratch,0,1,0,0,0,0
488,000488.jpg,test2017,1,30248.0,scratch,0,1,0,0,0,0
513,000513.jpg,test2017,7,108552.0,scratch,1,1,1,1,1,0
514,000514.jpg,test2017,3,198642.0,scratch,0,1,1,0,0,0
520,000520.jpg,test2017,4,61582.0,dent,1,0,1,0,0,0
541,000541.jpg,test2017,3,199215.0,lamp broken,0,1,0,0,1,0
550,000550.jpg,test2017,3,5279.0,crack,0,0,1,0,0,0
565,000565.jpg,test2017,1,519157.0,glass shatter,0,0,0,1,0,0
567,000567.jpg,test2017,2,24729.0,scratch,0,1,0,0,0,0
570,000570.jpg,test2017,3,95590.0,dent,1,0,1,0,0,0
589,000589.jpg,test2017,1,94194.0,tire flat,0,0,0,0,0,1
603,000603.jpg,test2017,1,190277.0,tire flat,0,0,0,0,0,1
611,000611.jpg,test2017,2,208555.0,lamp broken,1,0,0,0,1,0
625,000625.jpg,test2017,3,303727.0,dent,1,1,0,0,0,0
638,000638.jpg,test2017,1,374997.0,scratch,0,1,0,0,0,0
648,000648.jpg,test2017,1,164243.0,scratch,0,1,0,0,0,0
659,000659.jpg,test2017,1,135602.0,tire flat,0,0,0,0,0,1
670,000670.jpg,test2017,1,88152.0,tire flat,0,0,0,0,0,1
687,000687.jpg,test2017,1,89863.0,scratch,0,1,0,0,0,0
693,000693.jpg,test2017,1,313718.0,glass shatter,0,0,0,1,0,0
696,000696.jpg,test2017,2,126211.0,lamp broken,1,0,0,0,1,0
698,000698.jpg,test2017,3,195253.0,scratch,0,1,0,0,1,0
702,000702.jpg,test2017,2,252746.0,dent,1,0,0,0,1,0
720,000720.jpg,test2017,1,224652.0,tire flat,0,0,0,0,0,1
730,000730.jpg,test2017,1,112903.0,tire flat,0,0,0,0,0,1
740,000740.jpg,test2017,1,169538.0,tire flat,0,0,0,0,0,1
749,000749.jpg,test2017,1,138197.0,tire flat,0,0,0,0,0,1
766,000766.jpg,test2017,3,157160.0,scratch,0,1,0,0,0,0
778,000778.jpg,test2017,1,371953.0,tire flat,0,0,0,0,0,1
787,000787.jpg,test2017,1,128398.0,glass shatter,0,0,0,1,0,0
796,000796.jpg,test2017,2,35887.0,scratch,0,1,0,0,0,0
809,000809.jpg,test2017,2,248139.0,scratch,0,1,0,0,0,0
811,000811.jpg,test2017,3,23636.0,dent,1,0,1,0,0,0
822,000822.jpg,test2017,1,275887.0,tire flat,0,0,0,0,0,1
831,000831.jpg,test2017,1,87366.0,glass shatter,0,0,0,1,0,0
834,000834.jpg,test2017,2,93856.0,scratch,0,1,0,0,0,0
848,000848.jpg,test2017,4,81648.0,scratch,1,1,0,0,0,0
856,000856.jpg,test2017,2,17195.0,scratch,0,1,1,0,0,0
869,000869.jpg,test2017,1,197457.0,tire flat,0,0,0,0,0,1
875,000875.jpg,test2017,2,358406.0,dent,1,0,0,0,0,0
883,000883.jpg,test2017,2,226388.0,dent,1,0,0,0,1,0
886,000886.jpg,test2017,1,2435.0,crack,0,0,1,0,0,0
889,000889.jpg,test2017,1,249893.0,glass shatter,0,0,0,1,0,0
905,000905.jpg,test2017,1,258526.0,dent,1,0,0,0,0,0
909,000909.jpg,test2017,4,138041.0,scratch,1,1,0,0,0,0
914,000914.jpg,test2017,1,375222.0,glass shatter,0,0,0,1,0,0
926,000926.jpg,test2017,4,23485.0,dent,1,0,0,0,1,0
950,000950.jpg,test2017,2,60097.0,lamp broken,0,1,0,0,1,0
965,000965.jpg,test2017,4,177266.0,dent,1,1,0,1,0,0
969,000969.jpg,test2017,1,309681.0,tire flat,0,0,0,0,0,1
988,000988.jpg,test2017,2,57652.0,dent,1,1,0,0,0,0
996,000996.jpg,test2017,2,35051.0,scratch,0,1,0,0,0,0
1016,001016.jpg,test2017,1,257113.0,tire flat,0,0,0,0,0,1
1024,001024.jpg,test2017,1,149245.0,tire flat,0,0,0,0,0,1
1039,001039.jpg,test2017,2,93003.0,lamp broken,0,0,1,0,1,0
1040,001040.jpg,test2017,2,161292.0,dent,1,0,0,0,0,0
1043,001043.jpg,test2017,2,101310.0,scratch,0,1,0,0,0,0
1058,001058.jpg,test2017,1,177673.0,tire flat,0,0,0,0,0,1
1071,001071.jpg,test2017,2,155889.0,tire flat,0,1,0,0,0,1
1078,001078.jpg,test2017,1,279178.0,tire flat,0,0,0,0,0,1
1088,001088.jpg,test2017,1,216870.0,tire flat,0,0,0,0,0,1
1098,001098.jpg,test2017,1,190876.0,tire flat,0,0,0,0,0,1
1118,001118.jpg,test2017,1,446561.0,glass shatter,0,0,0,1,0,0
1122,001122.jpg,test2017,3,32900.0,scratch,0,1,0,0,0,0
1130,001130.jpg,test2017,1,48463.0,scratch,0,1,0,0,0,0
1163,001163.jpg,test2017,1,268087.0,tire flat,0,0,0,0,0,1
1168,001168.jpg,test2017,3,99788.0,scratch,1,1,0,0,0,0
1169,001169.jpg,test2017,4,133638.0,dent,1,1,0,0,0,0
1180,001180.jpg,test2017,1,5044.0,scratch,0,1,0,0,0,0
1196,001196.jpg,test2017,1,374412.0,tire flat,0,0,0,0,0,1
1236,001236.jpg,test2017,4,121669.0,tire flat,1,1,0,0,0,1
1240,001240.jpg,test2017,2,110380.0,dent,1,0,0,0,0,0
1256,001256.jpg,test2017,2,132807.0,scratch,0,1,0,0,0,0
1259,001259.jpg,test2017,2,122826.0,dent,1,0,0,0,0,0
1263,001263.jpg,test2017,1,79207.0,scratch,0,1,0,0,0,0
1267,001267.jpg,test2017,1,445538.0,glass shatter,0,0,0,1,0,0
1268,001268.jpg,test2017,2,8438.0,dent,1,0,1,0,0,0
1272,001272.jpg,test2017,1,68828.0,dent,1,0,0,0,0,0
1282,001282.jpg,test2017,1,24650.0,scratch,0,1,0,0,0,0
1307,001307.jpg,test2017,3,75426.0,scratch,0,1,0,0,0,0
1314,001314.jpg,test2017,5,175519.0,lamp broken,1,1,0,0,1,0
1327,001327.jpg,test2017,2,19059.0,scratch,0,1,0,0,0,0
1358,001358.jpg,test2017,4,70045.0,scratch,1,1,1,0,0,0
1367,001367.jpg,test2017,2,13274.0,scratch,0,1,0,0,0,0
1368,001368.jpg,test2017,1,160213.0,lamp broken,0,0,0,0,1,0
1372,001372.jpg,test2017,1,56143.0,dent,1,0,0,0,0,0
1394,001394.jpg,test2017,2,299813.0,lamp broken,0,1,0,0,1,0
1396,001396.jpg,test2017,2,42141.0,lamp broken,0,0,1,0,1,0
1402,001402.jpg,test2017,6,69186.0,dent,1,1,1,0,0,0
1409,001409.jpg,test2017,1,243531.0,tire flat,0,0,0,0,0,1
1424,001424.jpg,test2017,1,141583.0,dent,1,0,0,0,0,0
1437,001437.jpg,test2017,5,212595.0,dent,1,1,0,0,0,0
1459,001459.jpg,test2017,3,36657.0,glass shatter,0,0,0,1,1,0
1483,001483.jpg,test2017,3,56883.0,dent,1,0,0,0,0,0
1488,001488.jpg,test2017,2,55546.0,scratch,1,1,0,0,0,0
1493,001493.jpg,test2017,4,77696.0,dent,1,1,0,0,1,1
1502,001502.jpg,test2017,4,125707.0,dent,1,1,0,0,0,0
1506,001506.jpg,test2017,3,35398.0,scratch,0,1,0,0,0,0
1517,001517.jpg,test2017,1,19695.0,dent,1,0,0,0,0,0
1524,001524.jpg,test2017,1,13509.0,dent,1,0,0,0,0,0
1536,001536.jpg,test2017,4,114108.0,scratch,1,1,1,0,0,0
1558,001558.jpg,test2017,1,246324.0,dent,1,0,0,0,0,0
1562,001562.jpg,test2017,2,94571.0,dent,1,0,1,0,0,0
1582,001582.jpg,test2017,1,105849.0,dent,1,0,0,0,0,0
1587,001587.jpg,test2017,1,109139.0,scratch,0,1,0,0,0,0
1594,001594.jpg,test2017,1,154026.0,scratch,0,1,0,0,0,0
1610,001610.jpg,test2017,2,230090.0,dent,1,0,0,0,0,0
1617,001617.jpg,test2017,4,207747.0,lamp broken,1,1,0,0,1,0
1627,001627.jpg,test2017,2,20109.0,scratch,0,1,1,0,0,0
1633,001633.jpg,test2017,3,186296.0,dent,1,1,0,0,0,0
1637,001637.jpg,test2017,1,60522.0,scratch,0,1,0,0,0,0
1641,001641.jpg,test2017,1,15840.0,dent,1,0,0,0,0,0
1660,001660.jpg,test2017,1,446519.0,glass shatter,0,0,0,1,0,0
1665,001665.jpg,test2017,4,319691.0,lamp broken,1,1,0,0,1,0
1671,001671.jpg,test2017,3,295282.0,lamp broken,1,0,0,0,1,0
1701,001701.jpg,test2017,2,55448.0,dent,1,0,0,0,0,0
1709,001709.jpg,test2017,1,70755.0,scratch,0,1,0,0,0,0
1720,001720.jpg,test2017,2,78486.0,scratch,0,1,0,0,0,0
1746,001746.jpg,test2017,3,43434.0,scratch,0,1,0,0,0,0
1751,001751.jpg,test2017,1,37171.0,scratch,0,1,0,0,0,0
1768,001768.jpg,test2017,1,133146.0,scratch,0,1,0,0,0,0
1799,001799.jpg,test2017,6,221717.0,dent,1,1,0,0,0,0
1800,001800.jpg,test2017,3,90964.0,scratch,0,1,0,0,0,0
1809,001809.jpg,test2017,2,126714.0,scratch,1,1,0,0,0,0
1820,001820.jpg,test2017,4,141687.0,dent,1,1,0,0,0,0
1832,001832.jpg,test2017,1,95143.0,dent,1,0,0,0,0,0
1837,001837.jpg,test2017,2,243670.0,dent,1,1,0,0,0,0
1843,001843.jpg,test2017,2,78855.0,dent,1,0,0,0,0,0
1874,001874.jpg,test2017,4,275074.0,lamp broken,1,1,1,0,1,0
1879,001879.jpg,test2017,4,86059.0,scratch,0,1,0,0,0,0
1885,001885.jpg,test2017,2,214059.0,tire flat,1,0,0,0,0,1
1899,001899.jpg,test2017,3,186709.0,dent,1,0,0,0,0,0
1900,001900.jpg,test2017,2,131777.0,lamp broken,0,0,1,0,1,0
1910,001910.jpg,test2017,2,48684.0,scratch,0,1,0,0,0,0
1917,001917.jpg,test2017,2,114613.0,lamp broken,1,0,0,0,1,0
1926,001926.jpg,test2017,2,111399.0,scratch,0,1,0,0,0,0
1939,001939.jpg,test2017,1,104158.0,dent,1,0,0,0,0,0
1944,001944.jpg,test2017,1,56954.0,dent,1,0,0,0,0,0
1962,001962.jpg,test2017,1,42248.0,lamp broken,0,0,0,0,1,0
1963,001963.jpg,test2017,2,239492.0,scratch,1,1,0,0,0,0
1967,001967.jpg,test2017,2,59254.0,dent,1,1,0,0,0,0
1979,001979.jpg,test2017,6,59178.0,crack,0,1,1,0,0,0
1993,001993.jpg,test2017,1,95748.0,dent,1,0,0,0,0,0
2006,002006.jpg,test2017,4,116125.0,scratch,1,1,0,0,0,0
2014,002014.jpg,test2017,1,292154.0,scratch,0,1,0,0,0,0
2035,002035.jpg,test2017,3,227473.0,dent,1,0,0,0,1,0
2045,002045.jpg,test2017,3,44281.0,scratch,0,1,0,0,0,0
2056,002056.jpg,test2017,2,49571.0,dent,1,0,0,0,0,0
2062,002062.jpg,test2017,4,30290.0,scratch,1,1,0,0,0,0
2072,002072.jpg,test2017,3,204774.0,dent,1,1,0,0,0,0
2090,002090.jpg,test2017,3,15589.0,scratch,0,1,0,0,0,0
2125,002125.jpg,test2017,6,211077.0,dent,1,1,0,0,0,0
2138,002138.jpg,test2017,1,9655.0,scratch,0,1,0,0,0,0
2140,002140.jpg,test2017,1,47810.0,dent,1,0,0,0,0,0
2151,002151.jpg,test2017,3,86530.0,lamp broken,1,1,0,0,1,0
2163,002163.jpg,test2017,2,35045.0,dent,1,0,0,0,0,0
2169,002169.jpg,test2017,3,83652.0,scratch,0,1,1,0,0,0
2189,002189.jpg,test2017,4,45650.0,scratch,1,1,0,0,0,0
2194,002194.jpg,test2017,1,84468.0,scratch,0,1,0,0,0,0
2213,002213.jpg,test2017,4,186445.0,lamp broken,0,1,1,0,1,0
2235,002235.jpg,test2017,5,271068.0,dent,1,1,0,0,0,0
2240,002240.jpg,test2017,2,159450.0,dent,1,1,0,0,0,0
2252,002252.jpg,test2017,4,85440.0,dent,1,1,1,0,0,0
2262,002262.jpg,test2017,5,143711.0,scratch,0,1,1,0,0,0
2267,002267.jpg,test2017,4,136979.0,lamp broken,0,0,1,0,1,0
2270,002270.jpg,test2017,2,84405.0,dent,1,0,0,0,0,0
2275,002275.jpg,test2017,2,386887.0,lamp broken,1,0,0,0,1,0
2294,002294.jpg,test2017,4,25983.0,scratch,0,1,1,0,0,0
2299,002299.jpg,test2017,1,96221.0,dent,1,0,0,0,0,0
2307,002307.jpg,test2017,1,411098.0,glass shatter,0,0,0,1,0,0
2314,002314.jpg,test2017,3,245236.0,lamp broken,1,1,0,0,1,0
2326,002326.jpg,test2017,4,196683.0,scratch,1,1,1,0,0,0
2330,002330.jpg,test2017,1,65155.0,dent,1,0,0,0,0,0
2356,002356.jpg,test2017,3,63824.0,dent,1,0,0,0,1,0
2358,002358.jpg,test2017,2,177788.0,dent,1,0,0,0,0,0
2380,002380.jpg,test2017,2,73945.0,dent,1,0,0,0,0,0
2385,002385.jpg,test2017,2,98846.0,scratch,1,1,0,0,0,0
2393,002393.jpg,test2017,2,132969.0,scratch,0,1,0,0,0,0
2407,002407.jpg,test2017,1,12408.0,scratch,0,1,0,0,0,0
2409,002409.jpg,test2017,2,39588.0,dent,1,0,0,0,0,0
2422,002422.jpg,test2017,4,231027.0,dent,1,1,0,0,0,0
2439,002439.jpg,test2017,1,78626.0,dent,1,0,0,0,0,0
2448,002448.jpg,test2017,3,87993.0,dent,1,1,0,0,0,0
2461,002461.jpg,test2017,2,273305.0,dent,1,0,0,0,0,0
2467,002467.jpg,test2017,1,25065.0,scratch,0,1,0,0,0,0
2475,002475.jpg,test2017,3,250805.0,dent,1,0,0,0,1,0
2481,002481.jpg,test2017,1,255854.0,scratch,0,1,0,0,0,0
2483,002483.jpg,test2017,1,123127.0,dent,1,0,0,0,0,0
2498,002498.jpg,test2017,3,141665.0,dent,1,0,0,0,0,0
2502,002502.jpg,test2017,1,14483.0,scratch,0,1,0,0,0,0
2508,002508.jpg,test2017,2,244548.0,dent,1,0,0,0,0,0
2514,002514.jpg,test2017,2,235844.0,scratch,1,1,0,0,0,0
2534,002534.jpg,test2017,3,21553.0,dent,1,0,0,0,0,0
2545,002545.jpg,test2017,2,96141.0,scratch,0,1,0,0,0,0
2552,002552.jpg,test2017,2,50423.0,crack,0,1,1,0,0,0
2567,002567.jpg,test2017,2,102279.0,scratch,1,1,0,0,0,0
2590,002590.jpg,test2017,3,316992.0,dent,1,1,0,0,1,0
2597,002597.jpg,test2017,6,53216.0,dent,1,1,0,0,0,0
2601,002601.jpg,test2017,4,74318.0,scratch,0,1,1,0,0,0
2612,002612.jpg,test2017,1,127963.0,dent,1,0,0,0,0,0
2621,002621.jpg,test2017,1,382888.0,dent,1,0,0,0,0,0
2624,002624.jpg,test2017,3,43973.0,dent,1,1,0,0,0,0
2628,002628.jpg,test2017,1,94940.0,lamp broken,0,0,0,0,1,0
2646,002646.jpg,test2017,3,143483.0,dent,1,1,0,0,0,0
2661,002661.jpg,test2017,2,51549.0,dent,1,0,0,0,0,0
2664,002664.jpg,test2017,1,388499.0,glass shatter,0,0,0,1,0,0
2694,002694.jpg,test2017,1,83111.0,dent,1,0,0,0,0,0
2707,002707.jpg,test2017,8,141443.0,scratch,1,1,1,0,0,0
2716,002716.jpg,test2017,3,90895.0,lamp broken,0,1,0,0,1,0
2728,002728.jpg,test2017,4,79170.0,dent,1,1,0,0,0,0
2741,002741.jpg,test2017,1,80864.0,dent,1,0,0,0,0,0
2752,002752.jpg,test2017,2,240994.0,scratch,0,1,0,0,0,0
2766,002766.jpg,test2017,2,177959.0,lamp broken,1,0,0,0,1,0
2776,002776.jpg,test2017,3,117947.0,scratch,1,1,0,0,0,0
2789,002789.jpg,test2017,2,51289.0,scratch,0,1,0,0,0,0
2801,002801.jpg,test2017,3,76104.0,scratch,1,1,1,0,0,0
2803,002803.jpg,test2017,1,102972.0,scratch,0,1,0,0,0,0
2810,002810.jpg,test2017,1,1946.0,crack,0,0,1,0,0,0
2814,002814.jpg,test2017,2,367699.0,dent,1,0,0,0,0,0
2825,002825.jpg,test2017,2,401604.0,scratch,0,1,0,0,0,0
2833,002833.jpg,test2017,2,93200.0,scratch,0,1,0,0,0,0
2849,002849.jpg,test2017,2,108263.0,scratch,0,1,0,0,0,0
2858,002858.jpg,test2017,3,32209.0,scratch,0,1,0,0,0,0
2865,002865.jpg,test2017,1,42448.0,scratch,0,1,0,0,0,0
2879,002879.jpg,test2017,2,80903.0,scratch,0,1,0,0,0,0
2887,002887.jpg,test2017,1,109282.0,dent,1,0,0,0,0,0
2898,002898.jpg,test2017,1,51659.0,dent,1,0,0,0,0,0
2908,002908.jpg,test2017,1,35161.0,dent,1,0,0,0,0,0
2914,002914.jpg,test2017,2,134472.0,scratch,0,1,0,0,0,0
2922,002922.jpg,test2017,1,16749.0,dent,1,0,0,0,0,0
2931,002931.jpg,test2017,2,216470.0,scratch,0,1,0,0,1,0
2953,002953.jpg,test2017,1,100432.0,scratch,0,1,0,0,0,0
2961,002961.jpg,test2017,3,220844.0,dent,1,1,0,0,0,0
2986,002986.jpg,test2017,2,57830.0,lamp broken,1,0,0,0,1,0
2991,002991.jpg,test2017,2,167953.0,lamp broken,0,1,0,0,1,0
3011,003011.jpg,test2017,2,45908.0,dent,1,1,0,0,0,0
3027,003027.jpg,test2017,1,369976.0,glass shatter,0,0,0,1,0,0
3039,003039.jpg,test2017,1,474014.0,glass shatter,0,0,0,1,0,0
3050,003050.jpg,test2017,1,638916.0,glass shatter,0,0,0,1,0,0
3062,003062.jpg,test2017,1,552708.0,glass shatter,0,0,0,1,0,0
3071,003071.jpg,test2017,1,530455.0,glass shatter,0,0,0,1,0,0
3082,003082.jpg,test2017,1,564473.0,glass shatter,0,0,0,1,0,0
3087,003087.jpg,test2017,6,121031.0,lamp broken,0,1,1,0,1,0
3099,003099.jpg,test2017,1,446296.0,glass shatter,0,0,0,1,0,0
3109,003109.jpg,test2017,1,110519.0,lamp broken,0,0,0,0,1,0
3115,003115.jpg,test2017,2,276309.0,glass shatter,1,0,0,1,0,0
3124,003124.jpg,test2017,1,316169.0,glass shatter,0,0,0,1,0,0
3140,003140.jpg,test2017,1,290241.0,glass shatter,0,0,0,1,0,0
3156,003156.jpg,test2017,1,179358.0,glass shatter,0,0,0,1,0,0
3166,003166.jpg,test2017,1,361654.0,glass shatter,0,0,0,1,0,0
3175,003175.jpg,test2017,4,295138.0,dent,1,0,0,1,1,0
3187,003187.jpg,test2017,3,22299.0,scratch,0,1,0,0,0,0
3201,003201.jpg,test2017,2,438825.0,glass shatter,1,0,0,1,0,0
3226,003226.jpg,test2017,4,121716.0,glass shatter,1,0,1,1,0,0
3233,003233.jpg,test2017,1,659840.0,glass shatter,0,0,0,1,0,0
3244,003244.jpg,test2017,1,551212.0,glass shatter,0,0,0,1,0,0
3246,003246.jpg,test2017,4,114974.0,scratch,1,1,0,0,0,0
3256,003256.jpg,test2017,1,478219.0,glass shatter,0,0,0,1,0,0
3268,003268.jpg,test2017,2,66934.0,glass shatter,1,0,0,1,0,0
3283,003283.jpg,test2017,3,310321.0,lamp broken,1,1,0,0,1,0
3289,003289.jpg,test2017,1,344133.0,glass shatter,0,0,0,1,0,0
3291,003291.jpg,test2017,1,226014.0,lamp broken,0,0,0,0,1,0
3296,003296.jpg,test2017,1,75103.0,tire flat,0,0,0,0,0,1
3301,003301.jpg,test2017,1,323024.0,glass shatter,0,0,0,1,0,0
3316,003316.jpg,test2017,1,375298.0,glass shatter,0,0,0,1,0,0
3327,003327.jpg,test2017,1,414786.0,glass shatter,0,0,0,1,0,0
3338,003338.jpg,test2017,2,41234.0,scratch,0,1,0,1,0,0
3345,003345.jpg,test2017,2,156205.0,lamp broken,0,0,1,0,1,0
3354,003354.jpg,test2017,5,108923.0,lamp broken,1,1,1,0,1,0
3367,003367.jpg,test2017,2,117935.0,lamp broken,0,1,0,0,1,0
3392,003392.jpg,test2017,2,192663.0,lamp broken,0,1,0,0,1,0
3399,003399.jpg,test2017,1,173563.0,lamp broken,0,0,0,0,1,0
3407,003407.jpg,test2017,4,26711.0,scratch,0,1,0,0,0,0
3414,003414.jpg,test2017,6,355131.0,lamp broken,1,1,0,0,1,0
3418,003418.jpg,test2017,1,6287.0,crack,0,0,1,0,0,0
3424,003424.jpg,test2017,2,259710.0,dent,1,1,0,0,0,0
3434,003434.jpg,test2017,1,16919.0,scratch,0,1,0,0,0,0
3441,003441.jpg,test2017,3,229334.0,lamp broken,1,1,0,0,1,0
3454,003454.jpg,test2017,1,23505.0,scratch,0,1,0,0,0,0
3464,003464.jpg,test2017,2,40728.0,scratch,0,1,0,0,0,0
3472,003472.jpg,test2017,1,7504.0,scratch,0,1,0,0,0,0
3477,003477.jpg,test2017,1,205592.0,scratch,0,1,0,0,0,0
3492,003492.jpg,test2017,2,89566.0,scratch,0,1,0,0,0,0
3516,003516.jpg,test2017,2,148473.0,lamp broken,0,1,0,0,1,0
3533,003533.jpg,test2017,4,116026.0,scratch,0,1,0,0,0,0
3541,003541.jpg,test2017,3,129067.0,scratch,0,1,1,0,0,0
3542,003542.jpg,test2017,1,1732.0,crack,0,0,1,0,0,0
3554,003554.jpg,test2017,2,173962.0,scratch,0,1,0,0,0,0
3561,003561.jpg,test2017,1,85442.0,scratch,0,1,0,0,0,0
3573,003573.jpg,test2017,2,77048.0,scratch,0,1,0,0,0,0
3586,003586.jpg,test2017,2,315523.0,scratch,0,1,0,0,0,0
3589,003589.jpg,test2017,2,141841.0,scratch,0,1,0,0,0,0
3612,003612.jpg,test2017,4,98019.0,scratch,0,1,0,0,0,0
3626,003626.jpg,test2017,1,35821.0,scratch,0,1,0,0,0,0
3634,003634.jpg,test2017,1,10835.0,scratch,0,1,0,0,0,0
3649,003649.jpg,test2017,2,141357.0,scratch,0,1,0,0,0,0
3656,003656.jpg,test2017,1,79983.0,scratch,0,1,0,0,0,0
3671,003671.jpg,test2017,1,2666.0,scratch,0,1,0,0,0,0
3683,003683.jpg,test2017,1,52131.0,scratch,0,1,0,0,0,0
3690,003690.jpg,test2017,2,28734.0,dent,1,0,0,0,0,0
3695,003695.jpg,test2017,1,61632.0,scratch,0,1,0,0,0,0
3703,003703.jpg,test2017,1,41153.0,scratch,0,1,0,0,0,0
3720,003720.jpg,test2017,1,487978.0,glass shatter,0,0,0,1,0,0
3734,003734.jpg,test2017,4,21497.0,lamp broken,1,1,1,0,1,0
3743,003743.jpg,test2017,4,171082.0,dent,1,1,0,0,0,0
3748,003748.jpg,test2017,1,341970.0,glass shatter,0,0,0,1,0,0
3768,003768.jpg,test2017,1,483931.0,glass shatter,0,0,0,1,0,0
3782,003782.jpg,test2017,1,594556.0,glass shatter,0,0,0,1,0,0
3789,003789.jpg,test2017,1,249372.0,lamp broken,0,0,0,0,1,0
3793,003793.jpg,test2017,2,444394.0,glass shatter,1,0,0,1,0,0
3804,003804.jpg,test2017,1,422198.0,glass shatter,0,0,0,1,0,0
3812,003812.jpg,test2017,1,172971.0,glass shatter,0,0,0,1,0,0
3823,003823.jpg,test2017,1,556860.0,glass shatter,0,0,0,1,0,0
3829,003829.jpg,test2017,4,63064.0,dent,1,0,0,0,0,1
3831,003831.jpg,test2017,3,21041.0,scratch,0,1,1,0,0,0
3842,003842.jpg,test2017,2,162408.0,scratch,0,1,0,0,0,0
3872,003872.jpg,test2017,2,346441.0,glass shatter,1,0,0,1,0,0
3879,003879.jpg,test2017,2,235669.0,dent,1,0,0,0,1,0
3887,003887.jpg,test2017,1,603759.0,glass shatter,0,0,0,1,0,0
3905,003905.jpg,test2017,1,555821.0,glass shatter,0,0,0,1,0,0
3908,003908.jpg,test2017,1,76152.0,dent,1,0,0,0,0,0
3925,003925.jpg,test2017,6,145937.0,dent,1,1,0,1,1,0
3935,003935.jpg,test2017,1,129495.0,dent,1,0,0,0,0,0
3948,003948.jpg,test2017,5,100138.0,dent,1,1,1,0,0,0
3956,003956.jpg,test2017,1,36456.0,scratch,0,1,0,0,0,0
3959,003959.jpg,test2017,1,632652.0,glass shatter,0,0,0,1,0,0
3977,003977.jpg,test2017,1,662000.0,glass shatter,0,0,0,1,0,0
3992,003992.jpg,test2017,1,97023.0,dent,1,0,0,0,0,0
3993,003993.jpg,test2017,1,667000.0,glass shatter,0,0,0,1,0,0
3994,003994.jpg,test2017,2,85838.0,crack,0,0,1,0,0,0
